article_id,title,newspaper_id,newspaper_title,page,date,category,words,illustrated,corrections,url,page_url
233490663,"WARNING OF CYCLONE. WORD FROM WRAGGE. Perth, Wednesday.",1279,"The Murchison Times and Day Dawn Gazette (Cue, WA : 1894 - 1925)",3,1912-04-11,Article,65,N,0,http://nla.gov.au/nla.news-article233490663,http://trove.nla.gov.au/newspaper/page/25225411
79894176,CLEMENT WRAGGE. SAYS NOR'- WEST CYCLONE. SHOULD HAVE BEEN PREDICTED.,275,"The Daily News (Perth, WA : 1882 - 1950)",8 S,1912-04-09,Article,99,N,0,http://nla.gov.au/nla.news-article79894176,http://trove.nla.gov.au/newspaper/page/7805188
89786771,MR. WRAGGE'S PREDICTION. RENEWAL OF CYCLONE FORETOLD.,319,"Leader (Melbourne, Vic. : 1862 - 1918)",26 S,1918-03-16,Article,241,N,0,http://nla.gov.au/nla.news-article89786771,http://trove.nla.gov.au/newspaper/page/8542896
105226040,"THE W.A. CYCLONE CLEMENT WRAGGE'S OPINION. COULD HAVE GIVEN THREE DAYS' WARNING. PERTH, April 9.",395,"Daily Herald (Adelaide, SA : 1910 - 1924)",5,1912-04-10,Article,109,N,0,http://nla.gov.au/nla.news-article105226040,http://trove.nla.gov.au/newspaper/page/10487815
132764385,QUEENSLAND CYCLONE. DESTROYS A TOWNSHIP. MR. WRAGGE'S PREDICTION.,618,Warracknabeal Herald (Vic. : 1914 - 1918),2,1918-03-15,Article,142,N,0,http://nla.gov.au/nla.news-article132764385,http://trove.nla.gov.au/newspaper/page/15412686
155108785,MR. WRAGGE'S PREDICTION. Renewal of Cyclone Foretold.,809,"The Age (Melbourne, Vic. : 1854 - 1954)",9,1918-03-13,Article,242,N,0,http://nla.gov.au/nla.news-article155108785,http://trove.nla.gov.au/newspaper/page/18604180
226799674,MR. WRAGGE'S PREDICTION. RENEWAL OF CYCLONE FORETOLD.,806,The Bendigo Independent (Vic. : 1891 - 1918),5,1918-03-14,Article,248,N,0,http://nla.gov.au/nla.news-article226799674,http://trove.nla.gov.au/newspaper/page/24144902
50645360,WEATHER BUREAU AND LATE CYCLONE. (To the Editor.),68,"Examiner (Launceston, Tas. : 1900 - 1954)",3 S,1912-04-02,Article,66,N,0,http://nla.gov.au/nla.news-article50645360,http://trove.nla.gov.au/newspaper/page/3026978
109732778,CORRESPONDENCE. THE WESTERN AUSTRALIAN CYCLONE. (To the Editor).,445,"The Border Morning Mail and Riverina Times (Albury, NSW : 1903 - 1920)",4,1912-04-01,Article,84,N,0,http://nla.gov.au/nla.news-article109732778,http://trove.nla.gov.au/newspaper/page/11991775
65179201,GREAT SOLAR CYCLONE.,115,The North Western Advocate and the Emu Bay Times (Tas. : 1899 - 1919),2,1910-05-25,Article,112,N,0,http://nla.gov.au/nla.news-article65179201,http://trove.nla.gov.au/newspaper/page/5431280
146916750,THE RECENT CYCLONE.,731,"Maryborough Chronicle, Wide Bay and Burnett Advertiser (Qld. : 1860 - 1947)",4,1912-04-02,Article,67,N,0,http://nla.gov.au/nla.news-article146916750,http://trove.nla.gov.au/newspaper/page/17729868
84394472,[?]ICARO Cigarettes,336,"Queensland Figaro (Brisbane, Qld. : 1901 - 1936)",6,1912-01-09,Article,1085,N,0,http://nla.gov.au/nla.news-article84394472,http://trove.nla.gov.au/newspaper/page/8736571
45189606,STATEMENT BY MR. WRAGGE.,53,"Barrier Miner (Broken Hill, NSW : 1888 - 1954)",4,1912-04-12,Article,55,N,0,http://nla.gov.au/nla.news-article45189606,http://trove.nla.gov.au/newspaper/page/3379003
59065079,MR. WRACGE AND THE WEATHER.,89,"The Register (Adelaide, SA : 1901 - 1929)",10,1912-04-02,Article,59,N,0,http://nla.gov.au/nla.news-article59065079,http://trove.nla.gov.au/newspaper/page/4505724
71904352,NOTE FROM MR. WRAGGE. To the Editor.,186,"The Capricornian (Rockhampton, Qld. : 1875 - 1929)",28,1912-04-06,Article,71,N,0,http://nla.gov.au/nla.news-article71904352,http://trove.nla.gov.au/newspaper/page/6960364
57728644,THEY SAY,93,"Sunday Times (Perth, WA : 1902 - 1954)",13,1912-03-24,Article,1015,N,0,http://nla.gov.au/nla.news-article57728644,http://trove.nla.gov.au/newspaper/page/4351542
53259700,CORRESPONDENCE. NOTE FROM MR. WRAGGE. To the Editor.,77,"Morning Bulletin (Rockhampton, Qld. : 1878 - 1954)",4,1912-04-02,Article,81,N,0,http://nla.gov.au/nla.news-article53259700,http://trove.nla.gov.au/newspaper/page/5144410
59064750,"Mr. Clement Wragge's Belief. PERTH, April 9.",89,"The Register (Adelaide, SA : 1901 - 1929)",5,1912-04-10,Article,58,N,0,http://nla.gov.au/nla.news-article59064750,http://trove.nla.gov.au/newspaper/page/4505801
164759357,"Mr. Clement Wragge's Belief. PERTH, April 9.",823,"Observer (Adelaide, SA : 1905 - 1931)",41,1912-04-13,Article,58,N,0,http://nla.gov.au/nla.news-article164759357,http://trove.nla.gov.au/newspaper/page/19124610
204505740,"Mr. Clement Wragge's Belief. PERTH, April 9.",966,"Evening Journal (Adelaide, SA : 1869 - 1912)",1 S,1912-04-10,Article,57,N,0,http://nla.gov.au/nla.news-article204505740,http://trove.nla.gov.au/newspaper/page/22448134
241504971,WESTERN CYCLONE. OPPORTUNITY LOST.,1190,"The Herald (Melbourne, Vic. : 1861 - 1954)",6,1912-04-01,Article,45,N,0,http://nla.gov.au/nla.news-article241504971,http://trove.nla.gov.au/newspaper/page/26248934
111370748,"THREE DAYS WARNING. PERTH, Wednesday.",482,The Bathurst Times (NSW : 1909 - 1925),4,1912-04-11,Article,55,N,0,http://nla.gov.au/nla.news-article111370748,http://trove.nla.gov.au/newspaper/page/12023639
228858128,MIGHT HAVE BEEN WARNED.,1180,"The Sun (Sydney, NSW : 1910 - 1954)",7,1912-04-01,Article,61,N,0,http://nla.gov.au/nla.news-article228858128,http://trove.nla.gov.au/newspaper/page/24584748
23869397,CHEATING THE CYCLONE. A SURVIVOR'S GRAPHIC NARRATIVE.,30,"The West Australian (Perth, WA : 1879 - 1954)",7,1912-04-10,Article,2268,N,0,http://nla.gov.au/nla.news-article23869397,http://trove.nla.gov.au/newspaper/page/2739645
37417572,MR. WRAGGE'S VIEW. To the Editor.,101,"Western Mail (Perth, WA : 1885 - 1954)",17,1912-04-13,Article,65,N,0,http://nla.gov.au/nla.news-article37417572,http://trove.nla.gov.au/newspaper/page/3465331
206525683,CLEMENT WRAGGE.,975,"The Evening Star (Boulder, WA : 1898 - 1921)",3,1912-04-11,Article,73,N,0,http://nla.gov.au/nla.news-article206525683,http://trove.nla.gov.au/newspaper/page/22594612
239161747,TO THE EDITOR.,1297,"The Daily Telegraph (Sydney, NSW : 1883 - 1930)",9,1912-04-01,Article,72,N,0,http://nla.gov.au/nla.news-article239161747,http://trove.nla.gov.au/newspaper/page/25754533
69557640,WEATHER FORECASTING. EXPERTS SCEPTICAL OF MR WRAGGE.,204,Wodonga and Towong Sentinel (Vic. : 1885 - 1954),3,1912-04-05,Article,226,N,0,http://nla.gov.au/nla.news-article69557640,http://trove.nla.gov.au/newspaper/page/6352261
5334948,"WESTERN AUSTRALIA. PERTH, April 9.",34,"The Advertiser (Adelaide, SA : 1889 - 1931)",8,1912-04-10,Article,56,N,0,http://nla.gov.au/nla.news-article5334948,http://trove.nla.gov.au/newspaper/page/950905
62270302,CORRESPONDENCE. CYCLONE WARNINGS. (To the Editor.),97,Townsville Daily Bulletin (Qld. : 1907 - 1954),2,1918-03-29,Article,27,N,0,http://nla.gov.au/nla.news-article62270302,http://trove.nla.gov.au/newspaper/page/5591031
152428153,CORRESPONDENCE WEATHER FORECASTING. TO THE EDITOR,742,"Daily Telegraph (Launceston, Tas. : 1883 - 1928)",3,1912-04-02,Article,28,N,0,http://nla.gov.au/nla.news-article152428153,http://trove.nla.gov.au/newspaper/page/18390523
58834094,THE NORTH-WEST CYCLONE. (To the Editor.),97,Townsville Daily Bulletin (Qld. : 1907 - 1954),4,1912-04-08,Article,72,N,0,http://nla.gov.au/nla.news-article58834094,http://trove.nla.gov.au/newspaper/page/4946697
39906379,The Lost Koombana What Wragge Says (By Telegraph.),61,Cairns Post (Qld. : 1909 - 1954),5,1912-04-11,Article,130,N,0,http://nla.gov.au/nla.news-article39906379,http://trove.nla.gov.au/newspaper/page/3885708
74893102,"FOR RELIEF OF RELATIVES. Perth, April 9.",254,"Northern Times (Carnarvon, WA : 1905 - 1954)",2,1912-04-13,Article,141,N,0,http://nla.gov.au/nla.news-article74893102,http://trove.nla.gov.au/newspaper/page/7354568
64155580,GENERAL NOTES.,131,"The Broadford Courier (Broadford, Vic. : 1916 - 1920)",3,1918-01-25,Article,325,N,1,http://nla.gov.au/nla.news-article64155580,http://trove.nla.gov.au/newspaper/page/6188154
189212979,"MR. WRAGGE CRITICISED. MELBOURNE, February 8.",839,Gympie Times and Mary River Mining Gazette (Qld. : 1868 - 1919),3,1912-02-15,Article,386,N,0,http://nla.gov.au/nla.news-article189212979,http://trove.nla.gov.au/newspaper/page/20157903
211368413,LUNA VERSUS SOL.,1117,Geraldton Express (WA : 1906 - 1919),2,1912-04-17,Article,435,N,0,http://nla.gov.au/nla.news-article211368413,http://trove.nla.gov.au/newspaper/page/23111454
221554168,"CYCLONE WARNINGS. DANGERS TO SHIPPING. ""SOMETHING WILL HAVE TO BE DONE."" BRISBANE, Tuesday.",1180,"The Sun (Sydney, NSW : 1910 - 1954)",1,1914-01-20,Article,164,N,0,http://nla.gov.au/nla.news-article221554168,http://trove.nla.gov.au/newspaper/page/24455440
114803486,Weather Forecasting. EXPERTS SCEPTICAL OF MR. WRAGGE.,508,"Evening News (Sydney, NSW : 1869 - 1931)",8,1912-04-01,Article,229,N,0,http://nla.gov.au/nla.news-article114803486,http://trove.nla.gov.au/newspaper/page/12331424
149560961,"The Loss of the Koombana. MR. WRAGGE,S VIEW. TO THE EDITOR",740,Toodyay Herald (WA : 1912 - 1954),3,1912-04-13,Article,228,N,0,http://nla.gov.au/nla.news-article149560961,http://trove.nla.gov.au/newspaper/page/18246880
125297456,TOPICS OF THE DAY. MR. CLEMENT WRAGGE'S DISCOVERY.,492,The Maitland Daily Mercury (NSW : 1894 - 1939),2,1910-04-05,Article,439,N,0,http://nla.gov.au/nla.news-article125297456,http://trove.nla.gov.au/newspaper/page/12774563
82186319,WRAGGE CRITICISED ON HIS PREDICTIONS.,259,Warwick Examiner and Times (Qld. : 1867 - 1919),3,1912-02-14,Article,380,N,0,http://nla.gov.au/nla.news-article82186319,http://trove.nla.gov.au/newspaper/page/8247498
190915849,Mr. Clement Wragge AN OFFER FROM QUEENSLAND.,1007,"Tweed Daily (Murwillumbah, NSW : 1914 - 1949)",3,1914-05-28,Article,448,N,0,http://nla.gov.au/nla.news-article190915849,http://trove.nla.gov.au/newspaper/page/21455436
72922802,OTHER TOWNS DAMAGED.,225,The Horsham Times (Vic. : 1882 - 1954),2,1918-03-15,Article,141,N,0,http://nla.gov.au/nla.news-article72922802,http://trove.nla.gov.au/newspaper/page/7092584
152228959,NOTES AND NEWS THE SUN SPOTS.,742,"Daily Telegraph (Launceston, Tas. : 1883 - 1928)",4,1910-05-23,Article,120,N,0,http://nla.gov.au/nla.news-article152228959,http://trove.nla.gov.au/newspaper/page/18415008
115425367,MR.WRAGGE'S VISIT TO GRENFELL.,474,The Grenfell Record and Lachlan District Advertiser (NSW : 1876 - 1951),2,1912-02-09,Article,573,N,0,http://nla.gov.au/nla.news-article115425367,http://trove.nla.gov.au/newspaper/page/12557397
142923452,NEW ZEALAND NOTES. LORD KITCHENER'S REPORT.,460,"The Australasian (Melbourne, Vic. : 1864 - 1946)",56,1910-04-02,Article,1765,N,0,http://nla.gov.au/nla.news-article142923452,http://trove.nla.gov.au/newspaper/page/15068943
84263925,Queensland Cyclone. DEMOLISHED TOWN OP INNIS-FAIL. 15 PERSONS KILLED.,270,Zeehan and Dundas Herald (Tas. : 1890 - 1922),2,1918-03-16,Article,415,N,0,http://nla.gov.au/nla.news-article84263925,http://trove.nla.gov.au/newspaper/page/8354088
238875636,WEATHER FORECASTING. MR. WRAGGE'S THIRD LECTURE.,1297,"The Daily Telegraph (Sydney, NSW : 1883 - 1930)",14,1911-09-09,Article,399,N,0,http://nla.gov.au/nla.news-article238875636,http://trove.nla.gov.au/newspaper/page/25747114
192248998,"""Rumored"" Willy-Willy",932,"Nor-West Echo (Broome, WA : 1914 - 1918)",1,1918-03-16,Article,222,N,0,http://nla.gov.au/nla.news-article192248998,http://trove.nla.gov.au/newspaper/page/21398641
89786764,OFFICIAL WARNINGS.,319,"Leader (Melbourne, Vic. : 1862 - 1918)",26 S,1918-03-16,Article,198,N,0,http://nla.gov.au/nla.news-article89786764,http://trove.nla.gov.au/newspaper/page/8542896
155102277,OFFICIAL WARNINGS.,809,"The Age (Melbourne, Vic. : 1854 - 1954)",8,1918-03-14,Article,198,N,0,http://nla.gov.au/nla.news-article155102277,http://trove.nla.gov.au/newspaper/page/18604195
133958639,"THE RECENT CYCLONE. THE WRECKED KOOMBANA. PERTH, Tuesday.",356,Newcastle Morning Herald and Miners' Advocate (NSW : 1876 - 1954),5,1912-04-10,Article,194,N,0,http://nla.gov.au/nla.news-article133958639,http://trove.nla.gov.au/newspaper/page/10059802
72911572,"""LOOKING BACKWARD.""",225,The Horsham Times (Vic. : 1882 - 1954),5,1912-05-10,Article,216,N,0,http://nla.gov.au/nla.news-article72911572,http://trove.nla.gov.au/newspaper/page/7091757
10362691,HOW TO PREDICT WEATHER.,10,"The Mercury (Hobart, Tas. : 1860 - 1954)",6,1914-02-20,Article,756,N,1,http://nla.gov.au/nla.news-article10362691,http://trove.nla.gov.au/newspaper/page/885406
75015165,FENCING.,245,Brighton Southern Cross (Vic. : 1896 - 1918),2,1914-05-02,Article,855,N,0,http://nla.gov.au/nla.news-article75015165,http://trove.nla.gov.au/newspaper/page/7317317
42877969,Northern Meteorologicai Station. Public Meeting in Cairns. Federal Government to be Again Appreached.,61,Cairns Post (Qld. : 1909 - 1954),3,1914-02-05,Article,1940,N,0,http://nla.gov.au/nla.news-article42877969,http://trove.nla.gov.au/newspaper/page/3891278
221536884,"SETTLED CONDITIONS COMING. THOUGH ""LEVY"" MEANS TO PLAY UP. MR. WRAGGE'S SPECIAL FORECAST.",1180,"The Sun (Sydney, NSW : 1910 - 1954)",8,1911-09-16,Article,470,N,0,http://nla.gov.au/nla.news-article221536884,http://trove.nla.gov.au/newspaper/page/24450628
174258143,The Cyclone Season. Need of the North. A Meteorological Station.,840,"The Telegraph (Brisbane, Qld. : 1872 - 1947)",5,1914-01-20,Article,860,N,0,http://nla.gov.au/nla.news-article174258143,http://trove.nla.gov.au/newspaper/page/18889536
72923006,FAITHFUL WEATHER PREDICTION.,225,The Horsham Times (Vic. : 1882 - 1954),6,1918-03-22,Article,252,N,0,http://nla.gov.au/nla.news-article72923006,http://trove.nla.gov.au/newspaper/page/7092604
56993458,NEWS OF THE DAY. ONLY SCATTERED SHOWERS.,89,"The Register (Adelaide, SA : 1901 - 1929)",14,1913-06-28,Article,241,N,0,http://nla.gov.au/nla.news-article56993458,http://trove.nla.gov.au/newspaper/page/4482839
147179004,Northern Meteorological Station. Public Meeting in Cairns. Federal Government to be Again Approached.,733,"The Northern Herald (Cairns, Qld. : 1913 - 1939)",44,1914-02-06,Article,1953,N,0,http://nla.gov.au/nla.news-article147179004,http://trove.nla.gov.au/newspaper/page/17936687
179503416,NORTH METEOROLOGY AFFAIR. Straight Criticism.,840,"The Telegraph (Brisbane, Qld. : 1872 - 1947)",2,1914-02-18,Article,421,N,0,http://nla.gov.au/nla.news-article179503416,http://trove.nla.gov.au/newspaper/page/18888841
5333079,"THE KOOMBANA. STILL NO NEWS. Fremantle, April 1.",34,"The Advertiser (Adelaide, SA : 1889 - 1931)",10,1912-04-02,Article,417,N,0,http://nla.gov.au/nla.news-article5333079,http://trove.nla.gov.au/newspaper/page/950793
147175608,MR HUNT CR[?]ISED.,733,"The Northern Herald (Cairns, Qld. : 1913 - 1939)",3,1913-10-17,Article,1093,N,0,http://nla.gov.au/nla.news-article147175608,http://trove.nla.gov.au/newspaper/page/17935839
221938804,HEART OF THE CYCLONE A Terrifying Experience TOWNS PUSHED OVER,1180,"The Sun (Sydney, NSW : 1910 - 1954)",5 S,1918-01-25,Article,682,N,0,http://nla.gov.au/nla.news-article221938804,http://trove.nla.gov.au/newspaper/page/24410496
39947705,"THE POST. TUESDAY, OCTOBER 14, 1913. MR HUNT CRITICISED.",61,Cairns Post (Qld. : 1909 - 1954),4,1913-10-14,Article,1083,N,0,http://nla.gov.au/nla.news-article39947705,http://trove.nla.gov.au/newspaper/page/3877124
147187051,ANOTHER WARNING.,733,"The Northern Herald (Cairns, Qld. : 1913 - 1939)",3,1914-01-02,Article,792,N,2,http://nla.gov.au/nla.news-article147187051,http://trove.nla.gov.au/newspaper/page/17936400
59256427,MERRY APRIL Mr. Wragge's Latest Brands.,89,"The Register (Adelaide, SA : 1901 - 1929)",7,1913-04-03,Article,667,N,0,http://nla.gov.au/nla.news-article59256427,http://trove.nla.gov.au/newspaper/page/4508501
74279404,"The Ararat Advertiser TUESDAY, JANUARY 29, 1918.",229,The Ararat Advertiser (Vic. : 1914 - 1918),2 S,1918-01-29,Article,1628,N,1,http://nla.gov.au/nla.news-article74279404,http://trove.nla.gov.au/newspaper/page/7152663
121473103,QUEENSLAND WEATHER.,492,The Maitland Daily Mercury (NSW : 1894 - 1939),6,1912-02-28,Article,366,N,0,http://nla.gov.au/nla.news-article121473103,http://trove.nla.gov.au/newspaper/page/12442941
63802894,SCATTERED SHOWERS.,75,"The Mail (Adelaide, SA : 1912 - 1954)",3 S,1913-08-02,Article,376,N,0,http://nla.gov.au/nla.news-article63802894,http://trove.nla.gov.au/newspaper/page/5480692
97433848,Yingerbay. (From our correspondent.) June 3.,374,"Western Star and Roma Advertiser (Toowoomba, Qld. : 1875 - 1948)",2,1910-06-08,Article,365,N,0,http://nla.gov.au/nla.news-article97433848,http://trove.nla.gov.au/newspaper/page/10223882
149949880,"West Australia Perth, Wednesday",736,Norseman Times (WA : 1898 - 1920),3,1912-04-11,Article,437,N,0,http://nla.gov.au/nla.news-article149949880,http://trove.nla.gov.au/newspaper/page/18317172
19952108,"The Brisbane Courier. FRIDAY, JANUARY 23, 1914.",16,The Brisbane Courier (Qld. : 1864 - 1933),6,1914-01-23,Article,469,N,2,http://nla.gov.au/nla.news-article19952108,http://trove.nla.gov.au/newspaper/page/1580856
5389850,"WRAGGE AND WEATHER. ADVICE, AND. FORECAST. LOOK OUT FOR ULYSSES. Petersburg, April 1.",34,"The Advertiser (Adelaide, SA : 1889 - 1931)",14,1913-04-03,Article,540,N,0,http://nla.gov.au/nla.news-article5389850,http://trove.nla.gov.au/newspaper/page/959832
206506244,News In Brief.,973,The Beverley Times (WA : 1905 - 1977),2,1912-04-13,Article,768,N,0,http://nla.gov.au/nla.news-article206506244,http://trove.nla.gov.au/newspaper/page/22516619
60092802,WEATHER WARNINGS. THE PROPOSED NORTHERN BUREAU.,97,Townsville Daily Bulletin (Qld. : 1907 - 1954),5,1914-05-15,Article,790,N,3,http://nla.gov.au/nla.news-article60092802,http://trove.nla.gov.au/newspaper/page/4870887
174257893,The Cyclone Season. Need of the North. A Meteorological Station.,840,"The Telegraph (Brisbane, Qld. : 1872 - 1947)",5 S,1914-01-20,Article,862,N,0,http://nla.gov.au/nla.news-article174257893,http://trove.nla.gov.au/newspaper/page/18889548
229349977,THE MOVING PICTURE SHOW Confessions of Mr. Johnson.,1180,"The Sun (Sydney, NSW : 1910 - 1954)",6 S,1913-11-24,Article,980,Y,0,http://nla.gov.au/nla.news-article229349977,http://trove.nla.gov.au/newspaper/page/24536808
39954362,"TH E POST WEDNESDAY, DECEMBER 31, 1913. ANOTHER WARNING.",61,Cairns Post (Qld. : 1909 - 1954),4,1913-12-31,Article,804,N,0,http://nla.gov.au/nla.news-article39954362,http://trove.nla.gov.au/newspaper/page/3876988
186978773,CURRENT TOPICS The Week’s Weather.,866,"Tasmanian News (Hobart, Tas. : 1883 - 1911)",2 S,1910-05-07,Article,554,N,0,http://nla.gov.au/nla.news-article186978773,http://trove.nla.gov.au/newspaper/page/20189375
56994922,MORE SHOWERS AHEAD.,89,"The Register (Adelaide, SA : 1901 - 1929)",6,1913-06-19,Article,562,N,0,http://nla.gov.au/nla.news-article56994922,http://trove.nla.gov.au/newspaper/page/4482725
59086293,Northern Meteorological Station. A PROPOSED SCHEME.,97,Townsville Daily Bulletin (Qld. : 1907 - 1954),2,1914-01-23,Article,2091,N,21,http://nla.gov.au/nla.news-article59086293,http://trove.nla.gov.au/newspaper/page/4870034
174258024,NORTHERN METEOROLOGICAL STATIONS.,840,"The Telegraph (Brisbane, Qld. : 1872 - 1947)",6 S,1914-01-20,Article,912,N,0,http://nla.gov.au/nla.news-article174258024,http://trove.nla.gov.au/newspaper/page/18889549
39926369,MATTERS METEOROLOGICAL. (To the Editor.),61,Cairns Post (Qld. : 1909 - 1954),3,1913-02-14,Article,1085,N,0,http://nla.gov.au/nla.news-article39926369,http://trove.nla.gov.au/newspaper/page/3904775
130032830,"People We Know PEACE, AND THE MAN. Senator Ferricks and His Mission.",596,"Punch (Melbourne, Vic. : 1900 - 1918; 1925)",6,1918-01-24,Article,2584,N,0,http://nla.gov.au/nla.news-article130032830,http://trove.nla.gov.au/newspaper/page/14877429
5410580,MR. WRAGGE'S FORECASTS. To the Editor.,34,"The Advertiser (Adelaide, SA : 1889 - 1931)",23,1913-06-02,Article,617,N,0,http://nla.gov.au/nla.news-article5410580,http://trove.nla.gov.au/newspaper/page/960783
26515695,THE LOSS-OF THE KOOMBANA. To the Editor.,30,"The West Australian (Perth, WA : 1879 - 1954)",9,1912-07-12,Article,680,N,0,http://nla.gov.au/nla.news-article26515695,http://trove.nla.gov.au/newspaper/page/2734339
200871612,MERRY APRIL. Mr. Wragge’s Latest Brands.,967,"The Journal (Adelaide, SA : 1912 - 1923)",1,1913-04-02,Article,528,N,0,http://nla.gov.au/nla.news-article200871612,http://trove.nla.gov.au/newspaper/page/22424776
177211425,NORTHERN METEOROLOGICAL BUREAU.,840,"The Telegraph (Brisbane, Qld. : 1872 - 1947)",2,1915-02-02,Article,557,N,0,http://nla.gov.au/nla.news-article177211425,http://trove.nla.gov.au/newspaper/page/19858699
5795553,USEFUL RAINS. HEAVY SHOWERS IN ADELAIDE.,34,"The Advertiser (Adelaide, SA : 1889 - 1931)",9,1913-08-04,Article,741,N,0,http://nla.gov.au/nla.news-article5795553,http://trove.nla.gov.au/newspaper/page/961795
70107886,A MERRY TIME PREDICTED.,175,The Albany Advertiser (WA : 1897 - 1954),3,1913-04-12,Article,565,N,0,http://nla.gov.au/nla.news-article70107886,http://trove.nla.gov.au/newspaper/page/6299409
5793507,THE WEATHER. FURTHER SHOWERS PROMISED.,34,"The Advertiser (Adelaide, SA : 1889 - 1931)",19,1913-07-19,Article,572,N,0,http://nla.gov.au/nla.news-article5793507,http://trove.nla.gov.au/newspaper/page/961555
58488858,Weather in Townsville. CAPTAIN RHODES' STATISTICS.,97,Townsville Daily Bulletin (Qld. : 1907 - 1954),2,1916-01-21,Article,667,N,0,http://nla.gov.au/nla.news-article58488858,http://trove.nla.gov.au/newspaper/page/4952285
80340956,"INTERSTATE. SYDNEY, April 9.",258,"The Northern Miner (Charters Towers, Qld. : 1874 - 1954)",7,1912-04-10,Article,555,N,0,http://nla.gov.au/nla.news-article80340956,http://trove.nla.gov.au/newspaper/page/7835872
127687509,"LATEST TELEGRAMS SYDNEY, Wednesday.",498,"The Raleigh Sun (Bellingen, NSW : 1898 - 1918)",4,1912-04-05,Article,598,N,0,http://nla.gov.au/nla.news-article127687509,http://trove.nla.gov.au/newspaper/page/13810022
210333082,"WEAGGE AND THE WEATHER. ADVICE AND FORECAST. LOOK OUT FOR ULYSSES. Petersburg, April 1.",1093,"The Express and Telegraph (Adelaide, SA : 1867 - 1922)",6 S,1913-04-02,Article,542,N,0,http://nla.gov.au/nla.news-article210333082,http://trove.nla.gov.au/newspaper/page/23044088
66467798,No title,173,Geraldton Guardian (WA : 1906 - 1928),2,1912-04-11,Article,596,N,5,http://nla.gov.au/nla.news-article66467798,http://trove.nla.gov.au/newspaper/page/6490319
50420546,CURRENT TOPICS.,68,"Examiner (Launceston, Tas. : 1900 - 1954)",4 S,1910-05-23,Article,3181,N,1,http://nla.gov.au/nla.news-article50420546,http://trove.nla.gov.au/newspaper/page/3023259
79172464,PROPOSED NORTHERN WEATHER BUREAU. MR. CLEMENT L. WRAGGE'S VIEWS.,258,"The Northern Miner (Charters Towers, Qld. : 1874 - 1954)",3,1914-01-13,Article,1941,N,2,http://nla.gov.au/nla.news-article79172464,http://trove.nla.gov.au/newspaper/page/7899590
60380003,Correspondence. WEATHER WARNING STATIONS. (To the Editor.),97,Townsville Daily Bulletin (Qld. : 1907 - 1954),6,1913-10-04,Article,823,N,5,http://nla.gov.au/nla.news-article60380003,http://trove.nla.gov.au/newspaper/page/4869238
5793336,USEFUL RAIN. MORE EXPECTED SHORTLY.,34,"The Advertiser (Adelaide, SA : 1889 - 1931)",11,1913-07-18,Article,782,N,0,http://nla.gov.au/nla.news-article5793336,http://trove.nla.gov.au/newspaper/page/961531
5793064,A NOVEL EXPERIENCE. WATERPROOFS AND UMBRELLAS NECESSARY A GENERAL RAIN. FURTHER DEPRESSION COMLNG UP.,34,"The Advertiser (Adelaide, SA : 1889 - 1931)",8,1913-07-17,Article,797,N,0,http://nla.gov.au/nla.news-article5793064,http://trove.nla.gov.au/newspaper/page/961512
140673352,BREVITIES.,656,"The Riverine Grazier (Hay, NSW : 1873 - 1954)",1,1911-10-13,Article,884,N,0,http://nla.gov.au/nla.news-article140673352,http://trove.nla.gov.au/newspaper/page/16229950
200936246,General News.,977,Meekatharra Miner (WA : 1909 - 1918),2,1912-04-20,Article,860,N,0,http://nla.gov.au/nla.news-article200936246,http://trove.nla.gov.au/newspaper/page/22525261
59079635,"TOWNSVILLE DAILY BULLETIN. PUBLISHED DAILY. WEDNESDAY, JANUARY 28, 1914.",97,Townsville Daily Bulletin (Qld. : 1907 - 1954),4,1914-01-28,Article,1306,N,1,http://nla.gov.au/nla.news-article59079635,http://trove.nla.gov.au/newspaper/page/4870072
79117701,"THE NORTHERN MINER. PUBLISHED DAILY THURSDAY, MAY 22, 1913. TO-DAY. Amusements.—",258,"The Northern Miner (Charters Towers, Qld. : 1874 - 1954)",4,1913-05-22,Article,1363,N,0,http://nla.gov.au/nla.news-article79117701,http://trove.nla.gov.au/newspaper/page/7838668
147184778,Cairns Chamber of Commerce. Monthly Meeting A Northern Meteorological Station. Some Interesting Correspondence. Health Matters in Innisfail District.,733,"The Northern Herald (Cairns, Qld. : 1913 - 1939)",21,1914-05-15,Article,1574,N,0,http://nla.gov.au/nla.news-article147184778,http://trove.nla.gov.au/newspaper/page/17937446
154652263,"Current News. Railway ""Death-traps.""",791,Mount Wycheproof Ensign and East Wimmera Advocate (Vic. : 1914 - 1918),2,1915-02-19,Article,1922,N,0,http://nla.gov.au/nla.news-article154652263,http://trove.nla.gov.au/newspaper/page/17867291
114812796,THE WEST AUSTRALIAN CYCLONE.,508,"Evening News (Sydney, NSW : 1869 - 1931)",9,1912-04-09,Article,76,N,1,http://nla.gov.au/nla.news-article114812796,http://trove.nla.gov.au/newspaper/page/12331523
214624554,Mr. Wragge's Forecast.,1155,Nambucca and Bellinger News (NSW : 1911 - 1945),3,1918-02-08,Article,1136,N,0,http://nla.gov.au/nla.news-article214624554,http://trove.nla.gov.au/newspaper/page/23740646
5793723,A GOOD GENERAL RAIN. AGRICULTURAL AREAS BENEFITED.,34,"The Advertiser (Adelaide, SA : 1889 - 1931)",15,1913-07-21,Article,1322,N,0,http://nla.gov.au/nla.news-article5793723,http://trove.nla.gov.au/newspaper/page/961575
167009906,Twinklings,826,"Southern Cross (Adelaide, SA : 1889 - 1954)",16,1913-03-20,Article,1266,N,0,http://nla.gov.au/nla.news-article167009906,http://trove.nla.gov.au/newspaper/page/19569691
39916507,Town and Country,61,Cairns Post (Qld. : 1909 - 1954),8,1912-04-09,Article,1166,N,0,http://nla.gov.au/nla.news-article39916507,http://trove.nla.gov.au/newspaper/page/3885668
208701192,PURELY PERSONAL.,982,"Truth (Perth, WA : 1903 - 1931)",4 S,1912-04-13,Article,1130,N,0,http://nla.gov.au/nla.news-article208701192,http://trove.nla.gov.au/newspaper/page/22756413
229851653,THE MOVING PICTURE SHOW. No Individualists Nowadays.,1180,"The Sun (Sydney, NSW : 1910 - 1954)",6 S,1914-08-04,Article,964,Y,0,http://nla.gov.au/nla.news-article229851653,http://trove.nla.gov.au/newspaper/page/24525062
221941984,"""LEONTA"" PREVIOUS RECORD CYCLONE FIFTEEN YEARS AGO",1180,"The Sun (Sydney, NSW : 1910 - 1954)",2,1918-01-27,Article,1592,N,0,http://nla.gov.au/nla.news-article221941984,http://trove.nla.gov.au/newspaper/page/24410509
208698606,THE CRITIC,982,"Truth (Perth, WA : 1903 - 1931)",1 S,1911-11-04,Article,2690,N,0,http://nla.gov.au/nla.news-article208698606,http://trove.nla.gov.au/newspaper/page/22756098
211636118,PERSONAGRAPHS.,1091,"The Sun (Kalgoorlie, WA : 1898 - 1919)",15,1912-04-14,Article,2202,N,0,http://nla.gov.au/nla.news-article211636118,http://trove.nla.gov.au/newspaper/page/23090178
131442337,"THE Murchison Advertiser PUBLISHED EVERY FRIDAY MORNING. FRIDAY, FEBRUARY 1, 1918.",583,"Murchison Advertiser and Murchison, Toolamba, Mooroopna and Dargalong Express (Vic. : 1914 - 1918)",2,1918-02-01,Article,3142,N,0,http://nla.gov.au/nla.news-article131442337,http://trove.nla.gov.au/newspaper/page/14871842
77623222,NOTES COMMENTS,266,"The Western Champion and General Advertiser for the Central-Western Districts (Barcaldine, Qld. : 1892 - 1922)",16,1914-04-25,Article,3612,N,0,http://nla.gov.au/nla.news-article77623222,http://trove.nla.gov.au/newspaper/page/7527166
158475445,The Climate and Weather of Australia. No. III.,703,Sydney Mail (NSW : 1912 - 1938),8,1913-05-07,Article,2221,Y,11,http://nla.gov.au/nla.news-article158475445,http://trove.nla.gov.au/newspaper/page/16772267
166915463,The Climate and Weather of Australia. Article No. 8.,702,The Wingham Chronicle and Manning River Observer (NSW : 1898 - 1954),9,1914-05-09,Article,2207,N,0,http://nla.gov.au/nla.news-article166915463,http://trove.nla.gov.au/newspaper/page/16333638
59083173,PROPOSED NORTHERN WEATHER BUREAU. MR. CLEMENT L. WRAGGE'S VIEWS.,97,Townsville Daily Bulletin (Qld. : 1907 - 1954),3,1914-01-13,Article,1866,N,6,http://nla.gov.au/nla.news-article59083173,http://trove.nla.gov.au/newspaper/page/4869961
162299016,THE GOSSIPY WAY.,859,"Critic (Hobart, Tas. : 1907 - 1924)",2,1912-04-06,Article,1576,N,0,http://nla.gov.au/nla.news-article162299016,http://trove.nla.gov.au/newspaper/page/20003677
158476017,The Climate and Weather of Australia. No. II.,703,Sydney Mail (NSW : 1912 - 1938),8,1913-04-23,Article,2245,Y,10,http://nla.gov.au/nla.news-article158476017,http://trove.nla.gov.au/newspaper/page/16772148
42886057,Cairns Chamber of Commerce. Monthly Meeting A Northern Meteorological Station. Some Interesting Correspondence. Health Matters in Innisfail District,61,Cairns Post (Qld. : 1909 - 1954),3,1914-05-09,Article,1553,N,4,http://nla.gov.au/nla.news-article42886057,http://trove.nla.gov.au/newspaper/page/3890634
166922723,The Climate and Weather of Australia Article No. 2.,702,The Wingham Chronicle and Manning River Observer (NSW : 1898 - 1954),2,1914-05-06,Article,2230,N,0,http://nla.gov.au/nla.news-article166922723,http://trove.nla.gov.au/newspaper/page/16333627
189900498,How the Sun brings Rain and Draught.,934,"The Eastern Recorder (Kellerberrin, WA : 1914 - 1918)",3,1918-01-11,Article,1708,N,0,http://nla.gov.au/nla.news-article189900498,http://trove.nla.gov.au/newspaper/page/21400054
216804552,"""How the Sun brings Rain and Drought.""",1087,"The Southern Districts Advocate (Katanning, WA : 1913 - 1936)",4,1918-01-02,Article,1756,N,0,http://nla.gov.au/nla.news-article216804552,http://trove.nla.gov.au/newspaper/page/23459732
59079288,Townsville Chamber of Commerce. THE MONTHLY MEETING.,97,Townsville Daily Bulletin (Qld. : 1907 - 1954),3,1914-02-19,Article,1339,N,0,http://nla.gov.au/nla.news-article59079288,http://trove.nla.gov.au/newspaper/page/4870237
40275288,"BABINDA NOTES. (For the ""Post"" and ""Herald."")",61,Cairns Post (Qld. : 1909 - 1954),7,1918-01-19,Article,1346,N,0,http://nla.gov.au/nla.news-article40275288,http://trove.nla.gov.au/newspaper/page/3870705
147514506,COUNTRY DISTRICTS BABINDA NOTES.,733,"The Northern Herald (Cairns, Qld. : 1913 - 1939)",49,1918-01-24,Article,1358,N,0,http://nla.gov.au/nla.news-article147514506,http://trove.nla.gov.au/newspaper/page/18072508
174421241,Mixed Musings from Maoriland.,881,"The Macleay Chronicle (Kempsey, NSW : 1899 - 1952)",6,1918-04-17,Article,1145,N,0,http://nla.gov.au/nla.news-article174421241,http://trove.nla.gov.au/newspaper/page/20554306
58586823,A Fine Old Pioneer,93,"Sunday Times (Perth, WA : 1902 - 1954)",23,1915-03-21,Article,1487,N,12,http://nla.gov.au/nla.news-article58586823,http://trove.nla.gov.au/newspaper/page/4348984
177531782,People we Know A Line of Soothsayers.,596,"Punch (Melbourne, Vic. : 1900 - 1918; 1925)",6,1911-08-03,Article,2066,Y,0,http://nla.gov.au/nla.news-article177531782,http://trove.nla.gov.au/newspaper/page/21103066
6421072,GENERAL NEWS. TENDERS FOR RAILWAY STOCK.,34,"The Advertiser (Adelaide, SA : 1889 - 1931)",14,1914-06-17,Article,2950,N,0,http://nla.gov.au/nla.news-article6421072,http://trove.nla.gov.au/newspaper/page/967037
26897231,EASTERN AUSTRALASIA. ITEMS BY MAIL.,30,"The West Australian (Perth, WA : 1879 - 1954)",12,1914-02-07,Article,2621,N,0,http://nla.gov.au/nla.news-article26897231,http://trove.nla.gov.au/newspaper/page/2798318
5418113,GENERAL NEWS. FINE AND COOL.,34,"The Advertiser (Adelaide, SA : 1889 - 1931)",14,1914-03-02,Article,2669,N,0,http://nla.gov.au/nla.news-article5418113,http://trove.nla.gov.au/newspaper/page/965272
76749389,"Meteorological Notes 14. 1896—A January Hurricane at Townsville—""Sigma.""",266,"The Western Champion and General Advertiser for the Central-Western Districts (Barcaldine, Qld. : 1892 - 1922)",6,1918-02-02,Article,2329,N,0,http://nla.gov.au/nla.news-article76749389,http://trove.nla.gov.au/newspaper/page/7585113
98157238,No title,374,"Western Star and Roma Advertiser (Toowoomba, Qld. : 1875 - 1948)",2,1914-01-28,Article,1889,N,0,http://nla.gov.au/nla.news-article98157238,http://trove.nla.gov.au/newspaper/page/10225340
145379443,GENERAL NEWS.,701,Wagga Wagga Express (NSW : 1879 - 1917),1,1912-01-04,Article,2263,N,0,http://nla.gov.au/nla.news-article145379443,http://trove.nla.gov.au/newspaper/page/15877754
145388113,GENERAL NEWS.,701,Wagga Wagga Express (NSW : 1879 - 1917),1,1912-04-04,Article,2722,N,0,http://nla.gov.au/nla.news-article145388113,http://trove.nla.gov.au/newspaper/page/15878016
155264401,NEW CHURCH AT BUNGOWANNAH OPENING SERVICES.,647,"The Methodist (Sydney, NSW : 1892 - 1954)",10,1919-05-03,Article,2575,Y,0,http://nla.gov.au/nla.news-article155264401,http://trove.nla.gov.au/newspaper/page/15590598
116961955,Concentrates.,448,The Cobar Herald (NSW : 1899 - 1914),2,1912-11-19,Article,2290,N,1,http://nla.gov.au/nla.news-article116961955,http://trove.nla.gov.au/newspaper/page/11535147
146180745,The Week,713,"Table Talk (Melbourne, Vic. : 1885 - 1939)",4,1912-05-30,Article,4331,N,0,http://nla.gov.au/nla.news-article146180745,http://trove.nla.gov.au/newspaper/page/17412574
5423967,GENERAL NEWS. GOOD FRIDAY.,34,"The Advertiser (Adelaide, SA : 1889 - 1931)",18,1914-04-11,Article,3030,N,0,http://nla.gov.au/nla.news-article5423967,http://trove.nla.gov.au/newspaper/page/965941
106072746,All About People: Tittle Tattle,447,"The Catholic Press (Sydney, NSW : 1895 - 1942)",22,1919-12-25,Article,3551,Y,1,http://nla.gov.au/nla.news-article106072746,http://trove.nla.gov.au/newspaper/page/11820990
59078479,Townsville Harbor Board. MONTHLY MEETING.,97,Townsville Daily Bulletin (Qld. : 1907 - 1954),3,1914-02-13,Article,3759,N,1,http://nla.gov.au/nla.news-article59078479,http://trove.nla.gov.au/newspaper/page/4870193
153587606,MEN What They Are Doing and Saying. Current Comment and the Week's Gossip from Club-land,775,"Graphic of Australia (Melbourne, Vic. : 1916 - 1918)",14,1918-02-08,Article,3169,Y,0,http://nla.gov.au/nla.news-article153587606,http://trove.nla.gov.au/newspaper/page/18098012
129447368,LOCAL NEWS.,609,Terang Express (Vic. : 1914 - 1918),2,1918-02-01,Article,3493,N,1,http://nla.gov.au/nla.news-article129447368,http://trove.nla.gov.au/newspaper/page/13426507
25503404,"THE WEEK AT A GLANCE. LOCAL AND GENERAL. THURSDAY, January 22.",42,"The Queenslander (Brisbane, Qld. : 1866 - 1939)",9,1914-01-31,Article,4658,N,1,http://nla.gov.au/nla.news-article25503404,http://trove.nla.gov.au/newspaper/page/2500433
5314627,GENERAL NEWS. THE BUDGET.,34,"The Advertiser (Adelaide, SA : 1889 - 1931)",8,1911-09-21,Article,4217,N,0,http://nla.gov.au/nla.news-article5314627,http://trove.nla.gov.au/newspaper/page/948754
136828494,"""ULYSSES.""",356,Newcastle Morning Herald and Miners' Advocate (NSW : 1876 - 1954),4,1913-04-04,Article,262,N,0,http://nla.gov.au/nla.news-article136828494,http://trove.nla.gov.au/newspaper/page/15141433
155461557,GENERAL CONFERENCE.,647,"The Methodist (Sydney, NSW : 1892 - 1954)",7,1913-05-31,Article,273,N,0,http://nla.gov.au/nla.news-article155461557,http://trove.nla.gov.au/newspaper/page/16426431
100700424,NOTES ON CURRENT EVENTS.,436,Albury Banner and Wodonga Express (NSW : 1896 - 1938),26,1910-09-30,Article,5680,N,0,http://nla.gov.au/nla.news-article100700424,http://trove.nla.gov.au/newspaper/page/10903593
164725233,GENERAL NEWS.,823,"Observer (Adelaide, SA : 1905 - 1931)",32,1911-06-03,Article,8088,N,0,http://nla.gov.au/nla.news-article164725233,http://trove.nla.gov.au/newspaper/page/19121924
80341341,"ATHERTON NOTES. (For the ""N.Q. Register."") ATHERTON, April 8.",258,"The Northern Miner (Charters Towers, Qld. : 1874 - 1954)",6,1912-04-15,Article,710,N,0,http://nla.gov.au/nla.news-article80341341,http://trove.nla.gov.au/newspaper/page/7835905
152874429,TOPICS OF THE TIMES,742,"Daily Telegraph (Launceston, Tas. : 1883 - 1928)",7,1913-11-11,Article,1627,N,0,http://nla.gov.au/nla.news-article152874429,http://trove.nla.gov.au/newspaper/page/18467686
76749829,Meteorological Notes--15. 1897.—A Very Bad Year.,266,"The Western Champion and General Advertiser for the Central-Western Districts (Barcaldine, Qld. : 1892 - 1922)",6,1918-03-23,Article,1828,N,6,http://nla.gov.au/nla.news-article76749829,http://trove.nla.gov.au/newspaper/page/7585226
215656817,CLEMENT WRAGGE.,1070,The Bundaberg Mail and Burnett Advertiser (Qld. : 1892 - 1917),2,1911-09-08,Article,204,N,1,http://nla.gov.au/nla.news-article215656817,http://trove.nla.gov.au/newspaper/page/23561457
195072632,Mr. Wragge Lectures.,989,Coffs Harbour Advocate (NSW : 1907 - 1942; 1946 - 1954),4,1914-05-16,Article,222,N,0,http://nla.gov.au/nla.news-article195072632,http://trove.nla.gov.au/newspaper/page/21432308
42878025,TOWNSVILLE DETERMINED.,61,Cairns Post (Qld. : 1909 - 1954),4,1914-02-06,Article,134,N,0,http://nla.gov.au/nla.news-article42878025,http://trove.nla.gov.au/newspaper/page/3891405
222007999,"""WEATHER JEREMIADS."" MR. WRAGGE CRITICISED. MELBOURNE, Tuesday.",1180,"The Sun (Sydney, NSW : 1910 - 1954)",8 S,1912-02-06,Article,370,N,0,http://nla.gov.au/nla.news-article222007999,http://trove.nla.gov.au/newspaper/page/24443762
189272845,Wragge's Prophecies.,983,The Armidale Chronicle (NSW : 1894 - 1929),3,1919-10-08,Article,414,N,0,http://nla.gov.au/nla.news-article189272845,http://trove.nla.gov.au/newspaper/page/21716741
99630640,Wragge Ridiculed.,420,Cowra Free Press (NSW : 1911 - 1921),4,1912-02-24,Article,386,N,0,http://nla.gov.au/nla.news-article99630640,http://trove.nla.gov.au/newspaper/page/10522010
136135627,COMPARISONS ARE ODIOUS.,643,Dungog Chronicle : Durham and Gloucester Advertiser (NSW : 1894 - 1954),2,1912-12-06,Article,108,N,0,http://nla.gov.au/nla.news-article136135627,http://trove.nla.gov.au/newspaper/page/15595110
227947329,NO WARNING GIVEN.,806,The Bendigo Independent (Vic. : 1891 - 1918),5,1912-04-03,Article,97,N,0,http://nla.gov.au/nla.news-article227947329,http://trove.nla.gov.au/newspaper/page/24153220
25502966,"NORTHERN METEOROLOGICAL STATION. A TOWNSVILE PROPOSAL. TOWNSVILLE, January 11.",42,"The Queenslander (Brisbane, Qld. : 1866 - 1939)",40,1914-01-17,Article,143,N,0,http://nla.gov.au/nla.news-article25502966,http://trove.nla.gov.au/newspaper/page/2500368
137880755,WRAGGE'S LATEST. WARNING TO FARMERS.,660,Wellington Times (NSW : 1899 - 1954),5,1912-05-02,Article,287,N,0,http://nla.gov.au/nla.news-article137880755,http://trove.nla.gov.au/newspaper/page/15708832
221537195,"""WADE,"" AND ""M'GOWEN."" DISTURBANCES LINKED TOGETHER. RISING TEMPERATURES PREDICTED, MR. WRAGGE'S SPECIAL FORECAST.",1180,"The Sun (Sydney, NSW : 1910 - 1954)",6 S,1911-09-05,Article,296,N,0,http://nla.gov.au/nla.news-article221537195,http://trove.nla.gov.au/newspaper/page/24450512
92934204,WINDS ON AN AWFUL SCALE.,81,"Northern Star (Lismore, NSW : 1876 - 1954)",4,1918-03-16,Article,142,N,0,http://nla.gov.au/nla.news-article92934204,http://trove.nla.gov.au/newspaper/page/8676001
185338042,WRAGGE'S PROPHECIES.,904,The Inverell Times (NSW : 1899 - 1954),7,1919-09-30,Article,417,N,0,http://nla.gov.au/nla.news-article185338042,http://trove.nla.gov.au/newspaper/page/20988005
221540084,MUSIC OF THE ISOBARS. MR. WRAGGE ON CLIMATOLOGY. ATMOSPHERIC CHANGES AND NEURALGIA.,1180,"The Sun (Sydney, NSW : 1910 - 1954)",1 S,1911-09-09,Article,779,N,6,http://nla.gov.au/nla.news-article221540084,http://trove.nla.gov.au/newspaper/page/24450551
214530802,Weather Forecasting.,1155,Nambucca and Bellinger News (NSW : 1911 - 1945),6,1915-01-22,Article,197,N,0,http://nla.gov.au/nla.news-article214530802,http://trove.nla.gov.au/newspaper/page/23742147
234142098,WRAGGE'S PROPHECIES.,1221,The Kyogle Examiner (NSW : 1912; 1914 - 1915; 1917 - 1954),4,1919-10-18,Article,440,N,0,http://nla.gov.au/nla.news-article234142098,http://trove.nla.gov.au/newspaper/page/25354972
59722438,MR WRAGGE'S PREDICTIONS.,135,"Traralgon Record (Traralgon, Vic. : 1886 - 1932)",3 S,1910-09-06,Article,321,N,0,http://nla.gov.au/nla.news-article59722438,http://trove.nla.gov.au/newspaper/page/6119201
71424092,WHEN WRAGGE WAS THERE.,191,"Worker (Brisbane, Qld. : 1890 - 1955)",22,1919-02-06,Article,340,N,0,http://nla.gov.au/nla.news-article71424092,http://trove.nla.gov.au/newspaper/page/6675280
113851796,WRAGGE'S LATEST. WARNING TO FARMERS.,421,The Forbes Advocate (NSW : 1911 - 1954),4,1912-04-30,Article,264,N,0,http://nla.gov.au/nla.news-article113851796,http://trove.nla.gov.au/newspaper/page/11203869
131363467,Looking Ahead MR. WRAGGE'S FORECAST.,489,The Hillston Spectator and Lachlan River Advertiser (NSW : 1898 - 1952),10,1914-10-30,Article,327,N,0,http://nla.gov.au/nla.news-article131363467,http://trove.nla.gov.au/newspaper/page/15043134
187130728,"“WADE,” AND “M’GOWEN” RISING TEMPERATURES DICTED. MR. WRAGGE’S SPECIAL FORECAST.",866,"Tasmanian News (Hobart, Tas. : 1883 - 1911)",3 S,1911-09-11,Article,275,N,0,http://nla.gov.au/nla.news-article187130728,http://trove.nla.gov.au/newspaper/page/20187620
213238496,Wragge's Latest.,1153,Lachlander and Condobolin and Western Districts Recorder (NSW : 1899 - 1952),4,1912-05-08,Article,284,N,0,http://nla.gov.au/nla.news-article213238496,http://trove.nla.gov.au/newspaper/page/23594748
40044008,WRAGGE'S PREDICTION.,61,Cairns Post (Qld. : 1909 - 1954),5,1911-11-27,Article,304,N,0,http://nla.gov.au/nla.news-article40044008,http://trove.nla.gov.au/newspaper/page/4100002
57721925,Mr. Wragge's Predictions.,93,"Sunday Times (Perth, WA : 1902 - 1954)",22,1911-11-05,Article,266,N,0,http://nla.gov.au/nla.news-article57721925,http://trove.nla.gov.au/newspaper/page/4350742
177813797,LESSONS FROM CALAMITIES.,840,"The Telegraph (Brisbane, Qld. : 1872 - 1947)",6 S,1913-02-01,Article,265,N,0,http://nla.gov.au/nla.news-article177813797,http://trove.nla.gov.au/newspaper/page/19298983
177814120,LESSONS FROM CALAMITIES.,840,"The Telegraph (Brisbane, Qld. : 1872 - 1947)",6,1913-02-01,Article,262,N,0,http://nla.gov.au/nla.news-article177814120,http://trove.nla.gov.au/newspaper/page/19298963
88828255,MR. WRAGGE OPTIMISTIC.,291,"Chronicle (Adelaide, SA : 1895 - 1954)",41,1913-07-12,Article,211,N,0,http://nla.gov.au/nla.news-article88828255,http://trove.nla.gov.au/newspaper/page/8529780
147182826,TOWNSVILLE DETERMINED.,733,"The Northern Herald (Cairns, Qld. : 1913 - 1939)",46,1914-02-13,Article,129,N,0,http://nla.gov.au/nla.news-article147182826,http://trove.nla.gov.au/newspaper/page/17936741
164290201,NOTES OF THE WEEK THE WEATHER.,698,The Sydney Mail and New South Wales Advertiser (NSW : 1871 - 1912),6,1910-01-26,Article,169,N,0,http://nla.gov.au/nla.news-article164290201,http://trove.nla.gov.au/newspaper/page/16758132
180503416,"""SOME"" WEATHER FORECASTED.",903,Glen Innes Examiner (NSW : 1908 - 1954),3,1918-03-28,Article,139,N,0,http://nla.gov.au/nla.news-article180503416,http://trove.nla.gov.au/newspaper/page/20780454
191937018,WINDS ON AN AWFUL SCALE.,985,The Armidale Express and New England General Advertiser (NSW : 1856 - 1861; 1863 - 1889; 1891 - 1954),7,1918-03-26,Article,140,N,0,http://nla.gov.au/nla.news-article191937018,http://trove.nla.gov.au/newspaper/page/21856783
72922787,AN INTERESTING PREDICTION.,225,The Horsham Times (Vic. : 1882 - 1954),4,1918-03-15,Article,238,N,0,http://nla.gov.au/nla.news-article72922787,http://trove.nla.gov.au/newspaper/page/7092586
100251346,Wragge's Warning.,422,Forbes Times (NSW : 1912 - 1920),4,1912-05-08,Article,266,N,0,http://nla.gov.au/nla.news-article100251346,http://trove.nla.gov.au/newspaper/page/10517563
116961382,Wragge's. Warning.,448,The Cobar Herald (NSW : 1899 - 1914),3,1912-05-07,Article,292,N,1,http://nla.gov.au/nla.news-article116961382,http://trove.nla.gov.au/newspaper/page/11534814
203694741,OUR UNEASY PLANET. A DISTURBING PREDICTION.,809,"The Age (Melbourne, Vic. : 1854 - 1954)",6,1919-12-18,Article,299,N,0,http://nla.gov.au/nla.news-article203694741,http://trove.nla.gov.au/newspaper/page/18775959
210332549,A PROPHET OF EVIL. SOME MORE WRAGGE DISTURBANCES. ANOTHER MONSOON LOOMING UP.,1093,"The Express and Telegraph (Adelaide, SA : 1867 - 1922)",5 S,1913-03-27,Article,273,N,0,http://nla.gov.au/nla.news-article210332549,http://trove.nla.gov.au/newspaper/page/23044059
218742815,"""THE MAJESTY OF CREATION."" MASTERLY EXPOSITION BY MR. CLEMENT WRAGGE.",1176,Lithgow Mercury (NSW : 1898 - 1954),2,1912-01-17,Article,579,N,0,http://nla.gov.au/nla.news-article218742815,http://trove.nla.gov.au/newspaper/page/24282118
238863678,"""A VOYAGE THROUGH THE UNIVERSE"" MR. CLEMENT WRAGGE, LECTURER.",1297,"The Daily Telegraph (Sydney, NSW : 1883 - 1930)",6,1911-09-05,Article,693,N,0,http://nla.gov.au/nla.news-article238863678,http://trove.nla.gov.au/newspaper/page/25747042
116684824,CROP PROSPECTS Clement Wragge's Predictions GOOD SEASONS TO BEGIN NEXT YEARS,451,"The Farmer and Settler (Sydney, NSW : 1906 - 1955)",2,1914-10-21,Article,363,N,0,http://nla.gov.au/nla.news-article116684824,http://trove.nla.gov.au/newspaper/page/11737402
180811741,WRAGGE'S PROPHECTS.,903,Glen Innes Examiner (NSW : 1908 - 1954),2,1919-10-13,Article,417,N,0,http://nla.gov.au/nla.news-article180811741,http://trove.nla.gov.au/newspaper/page/20781620
88822946,"WRAGGE WEATHER. BEWARE OF ""HECTOR.""",291,"Chronicle (Adelaide, SA : 1895 - 1954)",46,1913-06-07,Article,441,N,0,http://nla.gov.au/nla.news-article88822946,http://trove.nla.gov.au/newspaper/page/8529471
210009210,"WRAGGE WEATHER. Beware of ""Hector.""",1093,"The Express and Telegraph (Adelaide, SA : 1867 - 1922)",4 S,1913-06-03,Article,435,N,0,http://nla.gov.au/nla.news-article210009210,http://trove.nla.gov.au/newspaper/page/23044418
152830741,The Dry Season. EXPERTS DIFFER. A GLEAM OF HOPE. ABUNDANT RAINS FOLLOW DROUGHT.,787,Dimboola Banner and Wimmera and Mallee Advertiser (Vic. : 1914 - 1918),4,1914-10-16,Article,285,N,0,http://nla.gov.au/nla.news-article152830741,http://trove.nla.gov.au/newspaper/page/18099603
210331700,"A WAKNING TO SHIPPING ""HIGH OPERA"" HOUND THE COASTS WHEN ""DIMON"" COJiES ALONG.",1093,"The Express and Telegraph (Adelaide, SA : 1867 - 1922)",4 S,1913-03-14,Article,264,N,0,http://nla.gov.au/nla.news-article210331700,http://trove.nla.gov.au/newspaper/page/23044002
225034522,A WEATHER EXTRAVAGANZA.,567,Hamilton Spectator (Vic. : 1870 - 1918),4,1913-03-31,Article,283,N,0,http://nla.gov.au/nla.news-article225034522,http://trove.nla.gov.au/newspaper/page/21959671
45217196,"DESTRUCTIVE CALES. WRAGGE'S WEATHER IN AMERICA [Reuter's Message.] New York, Sunday.",53,"Barrier Miner (Broken Hill, NSW : 1888 - 1954)",4,1913-03-26,Article,202,N,0,http://nla.gov.au/nla.news-article45217196,http://trove.nla.gov.au/newspaper/page/3428151
69559792,WEATHER THEORIES,204,Wodonga and Towong Sentinel (Vic. : 1885 - 1954),2,1913-02-28,Article,240,N,0,http://nla.gov.au/nla.news-article69559792,http://trove.nla.gov.au/newspaper/page/6352474
80266503,CORRESPONDENCE. MR. WRAGGE'S PREDICTION. (To the Editor).,258,"The Northern Miner (Charters Towers, Qld. : 1874 - 1954)",6,1910-09-27,Article,240,N,0,http://nla.gov.au/nla.news-article80266503,http://trove.nla.gov.au/newspaper/page/7845142
154452428,Ogg's forecast.,790,Woomelang Sun and Lascelles and Ouyen Advocate (Vic. : 1914 - 1918),5,1914-12-11,Article,197,N,0,http://nla.gov.au/nla.news-article154452428,http://trove.nla.gov.au/newspaper/page/17861384
168749512,"""WADE.""",699,"Truth (Sydney, NSW : 1894 - 1954)",1,1911-09-10,Article,203,N,0,http://nla.gov.au/nla.news-article168749512,http://trove.nla.gov.au/newspaper/page/16125201
102957271,Settled till 1930. DRY AND WET SEASONS. Mr. Wragge and the Sunspots.,470,"The Land (Sydney, NSW : 1911 - 1954)",8,1914-10-23,Article,647,N,0,http://nla.gov.au/nla.news-article102957271,http://trove.nla.gov.au/newspaper/page/11268204
133130133,THE WEATHER. MR. WRAGGE AND THE SUNSPOTS.,459,"Western Champion (Parkes, NSW : 1898 - 1934)",21,1914-10-22,Article,650,N,0,http://nla.gov.au/nla.news-article133130133,http://trove.nla.gov.au/newspaper/page/14479479
92066248,The Weather. MR. WRAGGE AND THE SUNSPOTS.,326,"Ovens and Murray Advertiser (Beechworth, Vic. : 1855 - 1918)",1,1914-11-04,Article,623,N,6,http://nla.gov.au/nla.news-article92066248,http://trove.nla.gov.au/newspaper/page/8571532
50420519,WEATEER FORECASTING HOW IT IS DONE.,68,"Examiner (Launceston, Tas. : 1900 - 1954)",7 S,1910-05-23,Article,961,N,0,http://nla.gov.au/nla.news-article50420519,http://trove.nla.gov.au/newspaper/page/3023262
61188684,The Wonderful Universe.,156,"Alexandra and Yea Standard and Yarck, Gobur, Thornton and Acheron Express (Vic. : 1908 - 1949)",2,1913-02-21,Article,760,N,0,http://nla.gov.au/nla.news-article61188684,http://trove.nla.gov.au/newspaper/page/6151833
70672011,"The West Gippsland Gazette. WARRAGUL, AUGUST, 30, 1910.",136,"West Gippsland Gazette (Warragul, Vic. : 1898 - 1930)",2 S,1910-08-30,Article,486,N,0,http://nla.gov.au/nla.news-article70672011,http://trove.nla.gov.au/newspaper/page/6620385
66301211,Meteorology and the Seasons.,173,Geraldton Guardian (WA : 1906 - 1928),2,1911-10-17,Article,707,N,1,http://nla.gov.au/nla.news-article66301211,http://trove.nla.gov.au/newspaper/page/6489991
193255362,THE ROMANCE OF ATMOSPHERE LECTURE BY MR. WRAGGE.,860,"Daily Post (Hobart, Tas. : 1908 - 1918)",7,1910-05-11,Article,585,N,0,http://nla.gov.au/nla.news-article193255362,http://trove.nla.gov.au/newspaper/page/20225873
105595437,THE BRISBANE OBSERVATORY NOT UP-TO-DATE MR. WRAGGE EXPLAINS. To the Editor.,395,"Daily Herald (Adelaide, SA : 1910 - 1924)",3,1913-09-30,Article,439,N,0,http://nla.gov.au/nla.news-article105595437,http://trove.nla.gov.au/newspaper/page/10579071
214627593,Splendid Rain. NORTH COAST BENEFITS.,1155,Nambucca and Bellinger News (NSW : 1911 - 1945),4,1919-10-17,Article,369,N,0,http://nla.gov.au/nla.news-article214627593,http://trove.nla.gov.au/newspaper/page/23736339
79173784,"Northern Meteorological Station. (By Telegraph). CAIRNS, January 23.",258,"The Northern Miner (Charters Towers, Qld. : 1874 - 1954)",7,1914-01-24,Article,446,N,1,http://nla.gov.au/nla.news-article79173784,http://trove.nla.gov.au/newspaper/page/7899674
175981548,QUEENSLAND WEATHER STATIONS. Mr. Wragge's Work.,840,"The Telegraph (Brisbane, Qld. : 1872 - 1947)",2 S,1913-09-29,Article,492,N,1,http://nla.gov.au/nla.news-article175981548,http://trove.nla.gov.au/newspaper/page/20088083
238908291,WEATHER WARNING STATIONS. TO THE EDITOR.,1297,"The Daily Telegraph (Sydney, NSW : 1883 - 1930)",11,1913-09-27,Article,426,N,0,http://nla.gov.au/nla.news-article238908291,http://trove.nla.gov.au/newspaper/page/25741487
109188345,"Rodino & Walloron Times KADINA, WEDNESDAY, JULY 5. RAINFALL AND WATER CONSERVATION.",397,The Kadina and Wallaroo Times (SA : 1888 - 1954),2,1916-07-05,Article,950,N,0,http://nla.gov.au/nla.news-article109188345,http://trove.nla.gov.au/newspaper/page/10425616
134567764,SETTLED TILL 1930. DRY AND WET SEASONS. MR. WRAGGE AND THE SUNSPOTS.,637,The Bombala Times (NSW : 1912 - 1938),2,1914-12-11,Article,836,N,0,http://nla.gov.au/nla.news-article134567764,http://trove.nla.gov.au/newspaper/page/15420490
228639476,Wragge's Forecast. WEATHER WIZARD'S WARNINGS.,1183,Dubbo Dispatch and Wellington Independent (NSW : 1887 - 1932),7,1916-09-01,Article,781,N,0,http://nla.gov.au/nla.news-article228639476,http://trove.nla.gov.au/newspaper/page/24916063
59254461,A PICTURESQUE FORECAST.,89,"The Register (Adelaide, SA : 1901 - 1929)",7,1913-03-27,Article,258,N,0,http://nla.gov.au/nla.news-article59254461,http://trove.nla.gov.au/newspaper/page/4508417
92042911,THE DRY SEASON. ABUNDANT RAINS FOLLOW DROUGHT.,319,"Leader (Melbourne, Vic. : 1862 - 1918)",26 S,1914-10-10,Article,262,N,0,http://nla.gov.au/nla.news-article92042911,http://trove.nla.gov.au/newspaper/page/8547812
100960957,AN INTERESTING PREDICTION.,423,"Leader (Orange, NSW : 1899 - 1939)",4,1918-03-25,Article,245,N,0,http://nla.gov.au/nla.news-article100960957,http://trove.nla.gov.au/newspaper/page/10546623
190661840,THE DRY SEASON. EXPERTS DIFFER. A GLEAM OF HOPE. ABUNDANT RAINS FOLLOW DROUGHT.,809,"The Age (Melbourne, Vic. : 1854 - 1954)",8,1914-10-08,Article,272,N,0,http://nla.gov.au/nla.news-article190661840,http://trove.nla.gov.au/newspaper/page/18607593
50419951,STORY OF THE UNIVERSE WONDERS OF THE SOLAR SYSTEM. IN THE TAIL OF A COMET.,68,"Examiner (Launceston, Tas. : 1900 - 1954)",6 S,1910-05-19,Article,1143,N,0,http://nla.gov.au/nla.news-article50419951,http://trove.nla.gov.au/newspaper/page/3023233
141850198,THE SEASONS AND LONG DISTANCE FORECASTING.,687,"Daily Advertiser (Wagga Wagga, NSW : 1911 - 1954)",4,1914-10-24,Article,1045,N,0,http://nla.gov.au/nla.news-article141850198,http://trove.nla.gov.au/newspaper/page/15535225
26129083,SAYINGS OF TO-DAY AND YESTERDAY.,43,Camperdown Chronicle (Vic. : 1877 - 1954),6 S,1914-10-29,Article,412,N,0,http://nla.gov.au/nla.news-article26129083,http://trove.nla.gov.au/newspaper/page/4017076
59954083,SAYINGS OF TO-DAY AND YESTERDAY.,124,"Yea Chronicle (Yea, Vic. : 1891 - 1920)",5,1914-11-05,Article,379,N,0,http://nla.gov.au/nla.news-article59954083,http://trove.nla.gov.au/newspaper/page/5941647
68655479,SAYINGS OF TO-DAY AND YESTERDAY.,136,"West Gippsland Gazette (Warragul, Vic. : 1898 - 1930)",3 S,1914-10-27,Article,404,N,0,http://nla.gov.au/nla.news-article68655479,http://trove.nla.gov.au/newspaper/page/6622333
80061362,"A PROPHET'S PREDICTIONS. Heat Waves. Cyclones, and 'Quakes.",281,Singleton Argus (NSW : 1880 - 1954),3,1912-05-16,Article,372,N,0,http://nla.gov.au/nla.news-article80061362,http://trove.nla.gov.au/newspaper/page/7886685
88671352,SAYINGS OF TO-DAY AND YESTERDAY.,316,"Gippsland Mercury (Sale, Vic. : 1914 - 1918)",7,1914-10-23,Article,404,N,0,http://nla.gov.au/nla.news-article88671352,http://trove.nla.gov.au/newspaper/page/8549135
109571616,"A Prophet's Predictions. HEAT WAVES, CYCLONES, AND 'QUAKES.",481,The Tamworth Daily Observer (NSW : 1910 - 1916),5,1912-05-18,Article,370,N,0,http://nla.gov.au/nla.news-article109571616,http://trove.nla.gov.au/newspaper/page/11152727
111371969,"A PROPHET'S PREDICTIONS. HEAT WAVES, CYCLONES, AND QUAKES.",482,The Bathurst Times (NSW : 1909 - 1925),4,1912-05-18,Article,411,N,0,http://nla.gov.au/nla.news-article111371969,http://trove.nla.gov.au/newspaper/page/12023779
113852459,"A ""PROPHET'S"" PREDICTIONS. HEAT WAVES, CYCLONES, AND 'QUAKES.",421,The Forbes Advocate (NSW : 1911 - 1954),4,1912-05-28,Article,379,N,0,http://nla.gov.au/nla.news-article113852459,http://trove.nla.gov.au/newspaper/page/11203918
120187733,"A Prophet's Predictions. HEAT WAVES, CYCLONES, AND QUAKES.",481,The Tamworth Daily Observer (NSW : 1910 - 1916),5,1912-05-18,Article,369,N,0,http://nla.gov.au/nla.news-article120187733,http://trove.nla.gov.au/newspaper/page/11159638
120968773,SAYINGS OF TO-DAY AND YESTERDAY.,616,Upper Murray and Mitta Herald (Vic. : 1914 - 1918),4,1914-10-29,Article,394,N,0,http://nla.gov.au/nla.news-article120968773,http://trove.nla.gov.au/newspaper/page/13411594
125659729,SAYINGS OF TO-DAY AND YESTERDAY.,601,Rochester Express (Vic. : 1914 - 1918),7,1914-10-23,Article,404,N,0,http://nla.gov.au/nla.news-article125659729,http://trove.nla.gov.au/newspaper/page/13854566
129416206,SAYINGS OF TO-DAY AND YESTERDAY.,564,"Gordon, Egerton and Ballan Advertiser (Vic. : 1914 - 1918)",5,1914-10-23,Article,405,N,0,http://nla.gov.au/nla.news-article129416206,http://trove.nla.gov.au/newspaper/page/13853396
129675209,SAYINGS OF TO-DAY AND YESTERDAY.,586,Narracan Shire Advocate (Vic. : 1914 - 1918),4,1914-11-11,Article,396,N,0,http://nla.gov.au/nla.news-article129675209,http://trove.nla.gov.au/newspaper/page/14854487
130710117,SAYINGS OF TO-DAY AND YESTERDAY.,612,Trafalgar and Yarragon Times (Vic. : 1914 - 1918),4,1914-11-06,Article,397,N,0,http://nla.gov.au/nla.news-article130710117,http://trove.nla.gov.au/newspaper/page/14979308
154447698,SAYINGS OF TO-DAY AND YESTERDAY.,790,Woomelang Sun and Lascelles and Ouyen Advocate (Vic. : 1914 - 1918),3,1914-10-30,Article,426,N,0,http://nla.gov.au/nla.news-article154447698,http://trove.nla.gov.au/newspaper/page/17861353
180167155,"A Prophet's Predictions. MEAT WAVES, CYCLONES, AND QUAKES.",903,Glen Innes Examiner (NSW : 1908 - 1954),6,1912-05-20,Article,379,N,0,http://nla.gov.au/nla.news-article180167155,http://trove.nla.gov.au/newspaper/page/20739055
192494837,"A PROPHET'S PREDICT-IONS. HEAT WAVES, CYCLONES AND EARTHQUAKES",899,Bowen Independent (Qld. : 1911 - 1954),5,1912-06-15,Article,376,N,0,http://nla.gov.au/nla.news-article192494837,http://trove.nla.gov.au/newspaper/page/20891301
65634005,MR. WRAGGE'S LECTURES. Sublime Subjects.,218,Euroa Advertiser (Vic. : 1884 - 1920),5,1910-10-14,Article,485,N,0,http://nla.gov.au/nla.news-article65634005,http://trove.nla.gov.au/newspaper/page/6470690
72888051,"Correspondence. MR. WRAGGE AND MR. HUNT. (To the Editor ""Horsham Times."")",225,The Horsham Times (Vic. : 1882 - 1954),3,1913-09-30,Article,462,N,0,http://nla.gov.au/nla.news-article72888051,http://trove.nla.gov.au/newspaper/page/7089182
73555323,PREDICTING THE WEATHER. SETTLED TILL 1930. MR. WRAGGE AND THE SUNSPOTS.,227,Warrnambool Standard (Vic. : 1914 - 1918),1 S,1914-11-19,Article,644,N,0,http://nla.gov.au/nla.news-article73555323,http://trove.nla.gov.au/newspaper/page/7129376
130649882,OUR WEATHER. SETTLED TILL 1930. DRY AND WET SEASON. MR WRAGGE AND THE SUNSPOTS.,555,"Federal Standard (Chiltern, Vic. : 1914 - 1918)",3,1914-10-23,Article,651,N,0,http://nla.gov.au/nla.news-article130649882,http://trove.nla.gov.au/newspaper/page/14973337
147170320,"METEOROLOGICAL STATIONS. (To the Editor ""Post"" and ""Herald."")",733,"The Northern Herald (Cairns, Qld. : 1913 - 1939)",31,1913-10-10,Article,545,N,0,http://nla.gov.au/nla.news-article147170320,http://trove.nla.gov.au/newspaper/page/17935819
175983593,QUEENSLAND WEATHER STATIONS. Mr. Wragge's Work.,840,"The Telegraph (Brisbane, Qld. : 1872 - 1947)",2,1913-09-30,Article,490,N,0,http://nla.gov.au/nla.news-article175983593,http://trove.nla.gov.au/newspaper/page/20088095
177942058,Settled Till 1930. DRY AND WET SEASONS.,840,"The Telegraph (Brisbane, Qld. : 1872 - 1947)",20 S,1914-10-24,Article,712,N,0,http://nla.gov.au/nla.news-article177942058,http://trove.nla.gov.au/newspaper/page/19848800
200693750,A VOYAGE THROUGH THE UNIVERSE MR WRAGGE AT THE TOWN HALL.,949,"The North West Post (Formby, Tas. : 1887 - 1916)",3,1910-05-26,Article,1342,N,0,http://nla.gov.au/nla.news-article200693750,http://trove.nla.gov.au/newspaper/page/22152546
56993665,JUNE RAINS PROMISED. Mr. Wragge's Forecast.,89,"The Register (Adelaide, SA : 1901 - 1929)",13,1913-06-04,Article,504,N,0,http://nla.gov.au/nla.news-article56993665,http://trove.nla.gov.au/newspaper/page/4482539
99631318,Goolagong (From our own Correspondent),420,Cowra Free Press (NSW : 1911 - 1921),4,1912-05-11,Article,559,N,0,http://nla.gov.au/nla.news-article99631318,http://trove.nla.gov.au/newspaper/page/10522122
241543712,CYCLONIC STORMS. VALUE OF FORECASTS.,1190,"The Herald (Melbourne, Vic. : 1861 - 1954)",14,1913-10-04,Article,454,N,0,http://nla.gov.au/nla.news-article241543712,http://trove.nla.gov.au/newspaper/page/26287688
129447384,SUN AND WEATHER. MR. WRAGGE'S FORECASTS. SEISMIC ACTIVITY IN 1920.,609,Terang Express (Vic. : 1914 - 1918),3,1918-02-01,Article,925,N,0,http://nla.gov.au/nla.news-article129447384,http://trove.nla.gov.au/newspaper/page/13426508
113849786,POPULAR ASTRONOMY.,421,The Forbes Advocate (NSW : 1911 - 1954),6,1912-02-02,Article,1009,N,10,http://nla.gov.au/nla.news-article113849786,http://trove.nla.gov.au/newspaper/page/11203722
40291012,INTERESTING RENT CLAIM. Cyclone Damaged Cottage.,61,Cairns Post (Qld. : 1909 - 1954),7,1918-06-18,Article,1911,N,0,http://nla.gov.au/nla.news-article40291012,http://trove.nla.gov.au/newspaper/page/3907292
198868594,"""A VOYAGE THROUGH THE UNIVERSE"" LECTURE BY MR CLEMENT L. WRAGGE. A DELIGHTED AUDIENCE.",582,Mount Alexander Mail (Vic. : 1854 - 1917),2,1910-06-24,Article,1295,N,0,http://nla.gov.au/nla.news-article198868594,http://trove.nla.gov.au/newspaper/page/21953650
109008718,WEATHER CYCLES AND COMETS.,482,The Bathurst Times (NSW : 1909 - 1925),2,1910-05-20,Article,871,N,0,http://nla.gov.au/nla.news-article109008718,http://trove.nla.gov.au/newspaper/page/12021097
141504111,WEATHER CYCLES AND COMETS.,660,Wellington Times (NSW : 1899 - 1954),6,1910-05-26,Article,920,N,0,http://nla.gov.au/nla.news-article141504111,http://trove.nla.gov.au/newspaper/page/15847784
45193479,THE APPROACHING RAINSTORM.,53,"Barrier Miner (Broken Hill, NSW : 1888 - 1954)",4,1912-05-11,Article,347,N,0,http://nla.gov.au/nla.news-article45193479,http://trove.nla.gov.au/newspaper/page/3379320
26886924,WEATHER WARNING STATIONS. To the Editor.,30,"The West Australian (Perth, WA : 1879 - 1954)",8,1913-10-07,Article,385,N,0,http://nla.gov.au/nla.news-article26886924,http://trove.nla.gov.au/newspaper/page/2790057
82189554,POOR AUSTRALIA A PROPHET'S PREDICTIONS.,259,Warwick Examiner and Times (Qld. : 1867 - 1919),3,1912-05-20,Article,345,N,0,http://nla.gov.au/nla.news-article82189554,http://trove.nla.gov.au/newspaper/page/8247825
127683410,"A Prophet's Predictions. HEAT WAVES, CYCLONES, AND QUAKES.",498,"The Raleigh Sun (Bellingen, NSW : 1898 - 1918)",2,1912-05-31,Article,373,N,0,http://nla.gov.au/nla.news-article127683410,http://trove.nla.gov.au/newspaper/page/13810084
130117999,SAYINGS OF TO-DAY AND YESTERDAY.,589,Northcote Leader (Vic. : 1914 - 1918),4,1914-10-24,Article,408,N,0,http://nla.gov.au/nla.news-article130117999,http://trove.nla.gov.au/newspaper/page/14960843
157063127,Lake Toolibin Notes. THE LATE STORM.,814,"Great Southern Leader (Pingelly, WA : 1907 - 1934)",3,1913-12-19,Article,451,N,0,http://nla.gov.au/nla.news-article157063127,http://trove.nla.gov.au/newspaper/page/18653389
213128813,THE WEATHER. (To the Editor.),1058,"The Daily Mail (Brisbane, Qld. : 1903 - 1926)",8,1919-10-13,Article,370,N,0,http://nla.gov.au/nla.news-article213128813,http://trove.nla.gov.au/newspaper/page/23224568
73129561,Primeval Earth (To the Editor of the Horsham Times.),225,The Horsham Times (Vic. : 1882 - 1954),5,1910-09-20,Article,482,N,3,http://nla.gov.au/nla.news-article73129561,http://trove.nla.gov.au/newspaper/page/7108608
197493828,MR. CLEMENT WRAGGE'S PLEA FOR JUSTICE. TO THE EDITOR OF THE AGE.,809,"The Age (Melbourne, Vic. : 1854 - 1954)",16,1913-09-24,Article,395,N,2,http://nla.gov.au/nla.news-article197493828,http://trove.nla.gov.au/newspaper/page/18575621
5404549,ANCHISES AND HIS SON. MR. WRAGGE PROMISES RAIN.,34,"The Advertiser (Adelaide, SA : 1889 - 1931)",11,1913-05-13,Article,506,N,0,http://nla.gov.au/nla.news-article5404549,http://trove.nla.gov.au/newspaper/page/960440
59259597,WEATHER FORECASTING. Mr. Wragge Critical.,89,"The Register (Adelaide, SA : 1901 - 1929)",7,1913-03-17,Article,494,N,0,http://nla.gov.au/nla.news-article59259597,http://trove.nla.gov.au/newspaper/page/4508301
19906266,MR. WRAGGE AND METEOROLOGY. TO THE EDITOR.,16,The Brisbane Courier (Qld. : 1864 - 1933),4,1913-09-30,Article,475,N,0,http://nla.gov.au/nla.news-article19906266,http://trove.nla.gov.au/newspaper/page/1579569
39947091,"CORRESPONDENCE. METEOROLOGICAL STATIONS. (To the Editor ""Post"" and ""Herald."")",61,Cairns Post (Qld. : 1909 - 1954),2,1913-10-07,Article,532,N,0,http://nla.gov.au/nla.news-article39947091,http://trove.nla.gov.au/newspaper/page/3877164
109127937,"KADINA & WALLAROO TIMES KADINA, WEDNESDAY, APRIL 23.",397,The Kadina and Wallaroo Times (SA : 1888 - 1954),2,1913-04-23,Article,552,N,0,http://nla.gov.au/nla.news-article109127937,http://trove.nla.gov.au/newspaper/page/10419286
111493352,OUR WEATHER SETTLED TILL 1930. MR. WRAGGE AND THE SUNSPOTS.,482,The Bathurst Times (NSW : 1909 - 1925),4,1914-10-22,Article,673,N,0,http://nla.gov.au/nla.news-article111493352,http://trove.nla.gov.au/newspaper/page/12029323
114237757,OUR WEATHER. SETTLED TILL 1930. DRY AND WET SEASONS. MR. WRAGGE AND THE SUNSPOTS.,508,"Evening News (Sydney, NSW : 1869 - 1931)",7,1914-10-19,Article,649,N,0,http://nla.gov.au/nla.news-article114237757,http://trove.nla.gov.au/newspaper/page/12185673
124716100,A Long-Distance Forecast.,500,The Richmond River Express and Casino Kyogle Advertiser (NSW : 1904 - 1929),3,1914-10-27,Article,664,N,0,http://nla.gov.au/nla.news-article124716100,http://trove.nla.gov.au/newspaper/page/12434216
188946193,QUEENSLAND WEATHER STATIONS. Mr. Wragge's Work.,891,"The Week (Brisbane, Qld. : 1876 - 1934)",26,1913-10-03,Article,470,N,0,http://nla.gov.au/nla.news-article188946193,http://trove.nla.gov.au/newspaper/page/21175874
210007068,ANCHISES AND HIS SON. ME. WRAGGE PEOMISES RAIN.,1093,"The Express and Telegraph (Adelaide, SA : 1867 - 1922)",4 S,1913-05-13,Article,510,N,0,http://nla.gov.au/nla.news-article210007068,http://trove.nla.gov.au/newspaper/page/23044306
65876081,VOYAGE THROUGH THE UNIVERSE. MR WRAGGE AT MORWELL.,133,"Morwell Advertiser (Morwell, Vic. : 1888 - 1954)",2,1910-09-09,Article,850,N,0,http://nla.gov.au/nla.news-article65876081,http://trove.nla.gov.au/newspaper/page/6331590
141946219,SUN AND WEATHER. MR. WRAGGE'S FORECASTS. SEISMIC ACTIVITY IN 1920.,687,"Daily Advertiser (Wagga Wagga, NSW : 1911 - 1954)",2,1918-02-02,Article,986,N,0,http://nla.gov.au/nla.news-article141946219,http://trove.nla.gov.au/newspaper/page/15622936
84545493,"MR. CLEMENT WRACCE. ""A VOYAGE THROUGH THE UNIVERSE.""",270,Zeehan and Dundas Herald (Tas. : 1890 - 1922),2,1910-06-03,Article,799,N,7,http://nla.gov.au/nla.news-article84545493,http://trove.nla.gov.au/newspaper/page/8458238
87740292,SAYINGS OF TO-DAY AND YESTERDAY.,297,Kerang New Times (Vic. : 1901 - 1918),5,1914-10-27,Article,401,N,0,http://nla.gov.au/nla.news-article87740292,http://trove.nla.gov.au/newspaper/page/8482656
61520116,WEATHER CYCLES AND COMETS,64,"Clarence and Richmond Examiner (Grafton, NSW : 1889 - 1915)",6,1910-05-26,Article,846,N,0,http://nla.gov.au/nla.news-article61520116,http://trove.nla.gov.au/newspaper/page/5427681
193255206,A CHAT WITH MR. WRAGG[?].,860,"Daily Post (Hobart, Tas. : 1908 - 1918)",7,1910-05-10,Article,815,N,0,http://nla.gov.au/nla.news-article193255206,http://trove.nla.gov.au/newspaper/page/20225865
221549806,"""THE FLIGHT OF A SOUL"" LECTURE BY MR. CLEMENT L. WRAGGE.",1180,"The Sun (Sydney, NSW : 1910 - 1954)",8 S,1911-09-25,Article,1419,N,0,http://nla.gov.au/nla.news-article221549806,http://trove.nla.gov.au/newspaper/page/24450712
143503252,SEASONS AND SOLAR SYSTEMS. MR. WRAGGE'S REAL FORECAST.,660,Wellington Times (NSW : 1899 - 1954),9,1910-11-24,Article,2085,N,0,http://nla.gov.au/nla.news-article143503252,http://trove.nla.gov.au/newspaper/page/16396350
42876921,Cairns Chamber of Commerce. Monthly Meeting. North Queensland Meteorological Station. Mr Hunt Again Criticised. Mayor Requested to Convene Public Meeting.,61,Cairns Post (Qld. : 1909 - 1954),3,1914-01-24,Article,2296,N,0,http://nla.gov.au/nla.news-article42876921,http://trove.nla.gov.au/newspaper/page/3891331
173902859,INTERESTING RENT CLAIM. CYCLONE DAMAGED COTTAGE.,837,"Daily Mercury (Mackay, Qld. : 1906 - 1954)",5,1918-05-31,Article,1981,N,0,http://nla.gov.au/nla.news-article173902859,http://trove.nla.gov.au/newspaper/page/18970448
67462850,FROM VARIOUS SOURCES,135,"Traralgon Record (Traralgon, Vic. : 1886 - 1932)",6,1914-10-30,Article,820,N,0,http://nla.gov.au/nla.news-article67462850,http://trove.nla.gov.au/newspaper/page/6643262
68655548,FROM VARIOUS SOURCES,136,"West Gippsland Gazette (Warragul, Vic. : 1898 - 1930)",4 S,1914-11-03,Article,824,N,0,http://nla.gov.au/nla.news-article68655548,http://trove.nla.gov.au/newspaper/page/6622344
76914658,WEATHER CYCLES AND COMETS,281,Singleton Argus (NSW : 1880 - 1954),8,1910-05-28,Article,832,N,0,http://nla.gov.au/nla.news-article76914658,http://trove.nla.gov.au/newspaper/page/7882056
89080970,FROM VARIOUS SOURCES,320,"Berwick Shire News and Pakenham and Cranbourne Gazette (Berwick, Vic. : 1914 - 1917)",6,1914-10-28,Article,802,N,0,http://nla.gov.au/nla.news-article89080970,http://trove.nla.gov.au/newspaper/page/8580205
92066219,FROM VARIOUS SOURCES,326,"Ovens and Murray Advertiser (Beechworth, Vic. : 1855 - 1918)",5,1914-10-31,Article,822,N,0,http://nla.gov.au/nla.news-article92066219,http://trove.nla.gov.au/newspaper/page/8571530
129689160,FROM VARIOUS SOURCES,536,Birchip Advertiser and Watchem Sentinel (Vic. : 1914 - 1918),5,1914-11-04,Article,835,N,0,http://nla.gov.au/nla.news-article129689160,http://trove.nla.gov.au/newspaper/page/14867522
134402053,WEATHER TALKS RAIN AND DROUGHT INFLUENCE OF THE SUN MR. WRAGGES OPINIONS.,395,"Daily Herald (Adelaide, SA : 1910 - 1924)",5,1915-04-07,Article,1975,N,0,http://nla.gov.au/nla.news-article134402053,http://trove.nla.gov.au/newspaper/page/10513799
5796037,DUST AND RAIN. FURTHER SHOWERS HOPED FOR.,34,"The Advertiser (Adelaide, SA : 1889 - 1931)",15,1913-08-07,Article,603,N,0,http://nla.gov.au/nla.news-article5796037,http://trove.nla.gov.au/newspaper/page/961854
10301282,"WEATHER WARNING STATIONS To the Editor of ""The Mercury.""",10,"The Mercury (Hobart, Tas. : 1860 - 1954)",6,1913-09-29,Article,535,N,0,http://nla.gov.au/nla.news-article10301282,http://trove.nla.gov.au/newspaper/page/886427
42876913,"THE POST. SATURDAY, JANUARY 24, 1914. A METEOROLOGICAL STATION.",61,Cairns Post (Qld. : 1909 - 1954),4,1914-01-24,Article,603,N,0,http://nla.gov.au/nla.news-article42876913,http://trove.nla.gov.au/newspaper/page/3891363
109563445,HALLSVILLE.,481,The Tamworth Daily Observer (NSW : 1910 - 1916),4,1912-01-02,Article,570,N,0,http://nla.gov.au/nla.news-article109563445,http://trove.nla.gov.au/newspaper/page/11152259
125342836,"FROM CLEMENT WRAGGE. Birkenhead, Auckland, N.Z.",506,The Sydney Stock and Station Journal (NSW : 1896 - 1924),2,1913-10-03,Article,483,N,0,http://nla.gov.au/nla.news-article125342836,http://trove.nla.gov.au/newspaper/page/13544647
147182014,A METEOROLOGICAL STATION.,733,"The Northern Herald (Cairns, Qld. : 1913 - 1939)",4,1914-01-30,Article,601,N,0,http://nla.gov.au/nla.news-article147182014,http://trove.nla.gov.au/newspaper/page/17936596
177941938,Settled Till 1930. DRY AND WET SEASONS.,840,"The Telegraph (Brisbane, Qld. : 1872 - 1947)",20,1914-10-24,Article,712,N,0,http://nla.gov.au/nla.news-article177941938,http://trove.nla.gov.au/newspaper/page/19848780
182944550,THE DROUGHT MENACE. SOME SUGGESTIONS.,834,Darling Downs Gazette (Qld. : 1881 - 1922),4,1919-10-14,Article,513,N,0,http://nla.gov.au/nla.news-article182944550,http://trove.nla.gov.au/newspaper/page/19764124
186233757,FOREWARNED IS FOREARMED.,840,"The Telegraph (Brisbane, Qld. : 1872 - 1947)",2,1910-01-29,Article,491,N,0,http://nla.gov.au/nla.news-article186233757,http://trove.nla.gov.au/newspaper/page/19491181
186237492,FOREWARNED IS FOREARMED.,840,"The Telegraph (Brisbane, Qld. : 1872 - 1947)",2 S,1910-01-28,Article,490,N,0,http://nla.gov.au/nla.news-article186237492,http://trove.nla.gov.au/newspaper/page/19491171
189495406,No title,925,The Laura Standard (SA : 1889 - 1917),2,1913-04-25,Article,1708,N,1,http://nla.gov.au/nla.news-article189495406,http://trove.nla.gov.au/newspaper/page/21153854
114913997,"The Riverine Herald PUBLISHED DAILY. ECHUCA: SATURDAY, SEPTEMBER 17, 1910. WEATHER PROPHECIES.",311,"The Riverine Herald (Echuca, Vic. : Moama, NSW : 1869 - 1954; 1998 - 1999)",2,1910-09-17,Article,3069,N,0,http://nla.gov.au/nla.news-article114913997,http://trove.nla.gov.au/newspaper/page/12102212
79174552,"INNISFAIL NOTES. (For the ""N. Q. Register."") INNISFAIL, January 27. General.",258,"The Northern Miner (Charters Towers, Qld. : 1874 - 1954)",3,1914-02-03,Article,1208,N,0,http://nla.gov.au/nla.news-article79174552,http://trove.nla.gov.au/newspaper/page/7899728
59087352,"INNISFAIL NOTES, INNISFAIL, January 27. General.",97,Townsville Daily Bulletin (Qld. : 1907 - 1954),3,1914-01-30,Article,1283,N,2,http://nla.gov.au/nla.news-article59087352,http://trove.nla.gov.au/newspaper/page/4870087
80272239,"Seasons and Solar Systems. MR. WRAGGE'S [?] FORECAST. WHEN ""WILDDERNESSES BECOME SMILING EDENS."" (Sydney, ""Sun."").",258,"The Northern Miner (Charters Towers, Qld. : 1874 - 1954)",2,1910-11-24,Article,1874,N,0,http://nla.gov.au/nla.news-article80272239,http://trove.nla.gov.au/newspaper/page/7845553
229973542,"SEASONS AND SOLAR SYSTEMS MR. WRAGGE'S REAL FORECAST. WHEN ""WILDERNESSES BECOME SMILING EDENS.""",1180,"The Sun (Sydney, NSW : 1910 - 1954)",4 S,1910-11-16,Article,2057,N,0,http://nla.gov.au/nla.news-article229973542,http://trove.nla.gov.au/newspaper/page/24534125
191065333,NEWS SUMMARY.,1007,"Tweed Daily (Murwillumbah, NSW : 1914 - 1949)",2,1919-12-19,Article,1188,N,0,http://nla.gov.au/nla.news-article191065333,http://trove.nla.gov.au/newspaper/page/21456274
75683646,"STOCK STATION & COMMERCIAL CHAMPION OFFICE Friday, 4 p.m.",266,"The Western Champion and General Advertiser for the Central-Western Districts (Barcaldine, Qld. : 1892 - 1922)",7,1911-10-21,Article,816,N,0,http://nla.gov.au/nla.news-article75683646,http://trove.nla.gov.au/newspaper/page/7524405
91981912,FROM VARIOUS SOURCES,307,Port Fairy Gazette (Vic. : 1914 - 1918),6 S,1914-11-05,Article,815,N,0,http://nla.gov.au/nla.news-article91981912,http://trove.nla.gov.au/newspaper/page/8498350
119600922,FROM VARIOUS SOURCES,547,Coleraine Albion and Western Advertiser (Vic. : 1902; 1914 - 1918),5,1914-10-29,Article,832,N,0,http://nla.gov.au/nla.news-article119600922,http://trove.nla.gov.au/newspaper/page/13348281
119767277,FROM VARIOUS SOURCES,598,Rainbow Argus (Vic. : 1914 - 1918),4,1914-10-30,Article,826,N,0,http://nla.gov.au/nla.news-article119767277,http://trove.nla.gov.au/newspaper/page/13467999
119810990,FROM VARIOUS SOURCES,608,Talbot Leader (Vic. : 1914 - 1918),6,1914-10-31,Article,831,N,0,http://nla.gov.au/nla.news-article119810990,http://trove.nla.gov.au/newspaper/page/13373872
121009222,FROM VARIOUS SOURCES,604,Rutherglen Sun and Chiltern Valley Advertiser (Vic. : 1914 - 1918),4,1914-10-30,Article,846,N,0,http://nla.gov.au/nla.news-article121009222,http://trove.nla.gov.au/newspaper/page/13415234
121146171,FROM VARIOUS SOURCES,605,Shepparton News (Vic. : 1914 - 1918),8,1914-10-29,Article,838,N,0,http://nla.gov.au/nla.news-article121146171,http://trove.nla.gov.au/newspaper/page/13619690
121228052,The Bulks Eye and Some Overs,482,The Bathurst Times (NSW : 1909 - 1925),1,1918-03-27,Article,935,N,0,http://nla.gov.au/nla.news-article121228052,http://trove.nla.gov.au/newspaper/page/12142317
122876512,FROM VARIOUS SOURCES,544,Cobden Times and Heytesbury Advertiser (Vic. : 1914 - 1918),5,1914-10-31,Article,828,N,0,http://nla.gov.au/nla.news-article122876512,http://trove.nla.gov.au/newspaper/page/13331549
125659838,FROM VARIOUS SOURCES,601,Rochester Express (Vic. : 1914 - 1918),9,1914-10-30,Article,828,N,0,http://nla.gov.au/nla.news-article125659838,http://trove.nla.gov.au/newspaper/page/13854582
129369763,FROM VARIOUS SOURCES,609,Terang Express (Vic. : 1914 - 1918),6,1914-10-30,Article,828,N,0,http://nla.gov.au/nla.news-article129369763,http://trove.nla.gov.au/newspaper/page/13473399
129424726,FROM VARIOUS SOURCES,564,"Gordon, Egerton and Ballan Advertiser (Vic. : 1914 - 1918)",2,1914-10-30,Article,834,N,0,http://nla.gov.au/nla.news-article129424726,http://trove.nla.gov.au/newspaper/page/13853398
129556294,FROM VARIOUS SOURCES,588,Nhill Free Press (Vic. : 1914 - 1918),6,1914-10-30,Article,834,N,0,http://nla.gov.au/nla.news-article129556294,http://trove.nla.gov.au/newspaper/page/14846753
140390848,DOINGS INDIFFERENT DISTRICTS PARS FROM ALL PARTS.,656,"The Riverine Grazier (Hay, NSW : 1873 - 1954)",1,1918-09-06,Article,902,N,0,http://nla.gov.au/nla.news-article140390848,http://trove.nla.gov.au/newspaper/page/16227085
152634245,FROM VARIOUS SOURCES,752,Kyabram Free Press and Rodney and Deakin Shire Advocate (Vic. : 1914 - 1918),5,1914-10-30,Article,850,N,0,http://nla.gov.au/nla.news-article152634245,http://trove.nla.gov.au/newspaper/page/17781354
159419594,FROM VARIOUS SOURCES,754,Ararat Chronicle and Willaura and Lake Bolac Districts Recorder (Vic. : 1914 - 1918),6,1914-10-31,Article,853,N,0,http://nla.gov.au/nla.news-article159419594,http://trove.nla.gov.au/newspaper/page/17789803
172184466,Stray Flaches.,879,The Don Dorrigo Gazette and Guy Fawkes Advocate (NSW : 1910 - 1954),5,1912-05-25,Article,943,N,0,http://nla.gov.au/nla.news-article172184466,http://trove.nla.gov.au/newspaper/page/20550197
189624611,BRIEF MENTION.,989,Coffs Harbour Advocate (NSW : 1907 - 1942; 1946 - 1954),6,1911-01-27,Article,819,N,0,http://nla.gov.au/nla.news-article189624611,http://trove.nla.gov.au/newspaper/page/21431255
193272851,"SOLAR RESEARCH CONFERENCE IN CALIFORNIA. OBSERVATORY IN MELBOURNE. BAN FRANCISCO, Wednesday.",860,"Daily Post (Hobart, Tas. : 1908 - 1918)",5,1910-09-02,Article,752,N,0,http://nla.gov.au/nla.news-article193272851,http://trove.nla.gov.au/newspaper/page/20224533
60381028,"TOWNSVILLE DAILY BULLETIN. PUBLISHED DAILY. FRIDAY, OCTOBER 10, 1912.",97,Townsville Daily Bulletin (Qld. : 1907 - 1954),4,1913-10-10,Article,851,N,2,http://nla.gov.au/nla.news-article60381028,http://trove.nla.gov.au/newspaper/page/4869282
185006315,NORTHERN METEOROLOGY. Reply to Meteorologist.,891,"The Week (Brisbane, Qld. : 1876 - 1934)",4,1914-03-06,Article,859,N,1,http://nla.gov.au/nla.news-article185006315,http://trove.nla.gov.au/newspaper/page/21030005
144036211,THE YEAR'S PROSPECTS.,639,Cootamundra Herald (NSW : 1877 - 1954),2,1910-01-04,Article,806,N,0,http://nla.gov.au/nla.news-article144036211,http://trove.nla.gov.au/newspaper/page/16223889
59083655,No title,97,Townsville Daily Bulletin (Qld. : 1907 - 1954),4,1914-01-24,Article,1460,N,10,http://nla.gov.au/nla.news-article59083655,http://trove.nla.gov.au/newspaper/page/4870044
107335653,NORTH QUEENSLAND. By the Long Wash of Australasian Seas.,447,"The Catholic Press (Sydney, NSW : 1895 - 1942)",24,1914-02-12,Article,1332,N,0,http://nla.gov.au/nla.news-article107335653,http://trove.nla.gov.au/newspaper/page/12005385
146333414,LOCAL AND GENERAL.,737,"The Pilbarra Goldfield News (Marble Bar, WA : 1897 - 1923)",2,1919-12-23,Article,1382,N,0,http://nla.gov.au/nla.news-article146333414,http://trove.nla.gov.au/newspaper/page/18048156
5344877,NO RAIN. AN UNFAVORABLE OUTLOOK.,34,"The Advertiser (Adelaide, SA : 1889 - 1931)",19,1912-05-18,Article,1203,N,0,http://nla.gov.au/nla.news-article5344877,http://trove.nla.gov.au/newspaper/page/951521
5382623,A WINTRY DAY. GALES AND RAIN.,34,"The Advertiser (Adelaide, SA : 1889 - 1931)",20,1913-03-15,Article,976,N,0,http://nla.gov.au/nla.news-article5382623,http://trove.nla.gov.au/newspaper/page/959548
76749713,"STOCK STATION & COMMERCIAL CHAMPION OFFICE, Friday.",266,"The Western Champion and General Advertiser for the Central-Western Districts (Barcaldine, Qld. : 1892 - 1922)",3,1918-03-09,Article,1071,N,0,http://nla.gov.au/nla.news-article76749713,http://trove.nla.gov.au/newspaper/page/7585191
93791484,A SUN SPOT PROPHET.,342,Kalgoorlie Miner (WA : 1895 - 1950),4,1919-12-04,Article,1263,N,0,http://nla.gov.au/nla.news-article93791484,http://trove.nla.gov.au/newspaper/page/8951493
101174026,CORRESPONDENCE. YANKO IRRIGATION SCHEME.,436,Albury Banner and Wodonga Express (NSW : 1896 - 1938),28,1913-10-03,Article,1232,N,0,http://nla.gov.au/nla.news-article101174026,http://trove.nla.gov.au/newspaper/page/10898642
141095036,THE MATHOURA FIRE. Extensive Losses.,656,"The Riverine Grazier (Hay, NSW : 1873 - 1954)",1,1910-12-30,Article,1238,N,0,http://nla.gov.au/nla.news-article141095036,http://trove.nla.gov.au/newspaper/page/16297732
201753273,BEATING THE BOOB. A QUEENSLAND JACK SHEPPARD A DASH FOR FREEDOM. The Burglar Failed.,942,"Truth (Brisbane, Qld. : 1900 - 1954)",10 S,1910-09-11,Article,1184,N,0,http://nla.gov.au/nla.news-article201753273,http://trove.nla.gov.au/newspaper/page/22175722
211702138,Workers' Educational Association LECTURE BY MR. H. CURLEWIS.,1083,The Northam Advertiser (WA : 1895 - 1918; 1948 - 1955),3,1916-08-02,Article,955,N,0,http://nla.gov.au/nla.news-article211702138,http://trove.nla.gov.au/newspaper/page/23055181
99992476,LOCAL AND GENERAL.,431,Narrandera Argus and Riverina Advertiser (NSW : 1893 - 1953),2,1912-03-15,Article,1216,N,1,http://nla.gov.au/nla.news-article99992476,http://trove.nla.gov.au/newspaper/page/10686355
50698380,CURRENT TOPICS. Trackless Tram System.,68,"Examiner (Launceston, Tas. : 1900 - 1954)",4 S,1913-03-20,Article,1699,N,0,http://nla.gov.au/nla.news-article50698380,http://trove.nla.gov.au/newspaper/page/3110038
168750899,"SHEISMS. The Denman's Debut—Sawbones' Soiree—Various Complaints—Cocksure Critics—J[?]veaile Flag Flap—The Panto—Ladies at the 'Ouse—Wanted, a Chucker—Out—Hetty's Home—Coming—Mo[?]ame Slap's Send—Off—Senatorial S[?]es—Park's Perambuations — Brave Bateman — Louise's Literature.",699,"Truth (Sydney, NSW : 1894 - 1954)",6,1911-09-17,Article,3957,N,0,http://nla.gov.au/nla.news-article168750899,http://trove.nla.gov.au/newspaper/page/16125218
5381767,"A STORMY NIGHT. SHIPPING DISASTERS. ANOTHER SHIP AGROUND. Port Victoria, March 13.",34,"The Advertiser (Adelaide, SA : 1889 - 1931)",9,1913-03-14,Article,1520,N,11,http://nla.gov.au/nla.news-article5381767,http://trove.nla.gov.au/newspaper/page/959521
111942772,THE REV. T. S. CRAWFORD AND LIBERALISM.,518,The Shoalhaven News and South Coast Districts Advertiser (NSW : 1891 - 1937),4,1910-02-05,Article,1323,N,0,http://nla.gov.au/nla.news-article111942772,http://trove.nla.gov.au/newspaper/page/11640017
165014391,OF RURAL INTEREST.,593,Penshurst Free Press (Vic. : 1901 - 1918),4,1912-06-22,Article,1775,N,0,http://nla.gov.au/nla.news-article165014391,http://trove.nla.gov.au/newspaper/page/19573953
3270692,SMOKE NIGHT.,9,"Northern Territory Times and Gazette (Darwin, NT : 1873 - 1927)",5,1913-03-13,Article,1635,N,2,http://nla.gov.au/nla.news-article3270692,http://trove.nla.gov.au/newspaper/page/829849
174473425,"Plodding through Sunshine and Rain. FOR THE ""CHRONICLE.""",881,"The Macleay Chronicle (Kempsey, NSW : 1899 - 1952)",2,1910-01-20,Article,1506,N,0,http://nla.gov.au/nla.news-article174473425,http://trove.nla.gov.au/newspaper/page/20597021
190097226,How the Sun brings Rain and Draught.,934,"The Eastern Recorder (Kellerberrin, WA : 1914 - 1918)",3,1918-01-11,Article,1705,N,0,http://nla.gov.au/nla.news-article190097226,http://trove.nla.gov.au/newspaper/page/21400659
3270795,Latest Telegrams. THE LEVANTING PARSON. March 13th.,9,"Northern Territory Times and Gazette (Darwin, NT : 1873 - 1927)",7,1913-03-20,Article,2800,N,4,http://nla.gov.au/nla.news-article3270795,http://trove.nla.gov.au/newspaper/page/829874
50418920,CURRENT TOPICS.,68,"Examiner (Launceston, Tas. : 1900 - 1954)",4 S,1910-05-12,Article,3306,N,0,http://nla.gov.au/nla.news-article50418920,http://trove.nla.gov.au/newspaper/page/3023179
76749866,NOTES & COMMENTS,266,"The Western Champion and General Advertiser for the Central-Western Districts (Barcaldine, Qld. : 1892 - 1922)",10,1918-03-23,Article,3599,N,0,http://nla.gov.au/nla.news-article76749866,http://trove.nla.gov.au/newspaper/page/7585230
101410909,NOTES ON CURRENT EVENTS,436,Albury Banner and Wodonga Express (NSW : 1896 - 1938),26,1914-10-23,Article,5214,N,0,http://nla.gov.au/nla.news-article101410909,http://trove.nla.gov.au/newspaper/page/10901283
70890502,MEN AND MATTERS.,191,"Worker (Brisbane, Qld. : 1890 - 1955)",10,1914-01-29,Article,3611,Y,0,http://nla.gov.au/nla.news-article70890502,http://trove.nla.gov.au/newspaper/page/6664727
157181665,LOCAL AND GENERAL,653,"The Northern Champion (Taree, NSW : 1913 - 1954)",2,1913-04-09,Article,3736,N,1,http://nla.gov.au/nla.news-article157181665,http://trove.nla.gov.au/newspaper/page/15809900
50471817,CURRENT TOPICS.,68,"Examiner (Launceston, Tas. : 1900 - 1954)",4 S,1911-04-24,Article,2053,N,0,http://nla.gov.au/nla.news-article50471817,http://trove.nla.gov.au/newspaper/page/3029846
65272446,OF RURAL INTEREST. (Special for this Paper),108,Gippsland Times (Vic. : 1861 - 1954),5 S,1912-06-20,Article,1748,N,0,http://nla.gov.au/nla.news-article65272446,http://trove.nla.gov.au/newspaper/page/6185510
80378892,"Central Queensland Notes. (For the N.Q. Register.) BARCALDINE, January 21.",258,"The Northern Miner (Charters Towers, Qld. : 1874 - 1954)",7,1917-02-03,Article,2211,N,0,http://nla.gov.au/nla.news-article80378892,http://trove.nla.gov.au/newspaper/page/7943630
143314632,QUEENSLAND NOTES. THE PREMIER'S TRIP.,460,"The Australasian (Melbourne, Vic. : 1864 - 1946)",49,1914-01-03,Article,1791,N,0,http://nla.gov.au/nla.news-article143314632,http://trove.nla.gov.au/newspaper/page/15096513
112363469,BRIEF MENTION.,459,"Western Champion (Parkes, NSW : 1898 - 1934)",10,1910-02-04,Article,2531,N,1,http://nla.gov.au/nla.news-article112363469,http://trove.nla.gov.au/newspaper/page/11961223
145721650,A WEATHER PROPHET.,747,"The Worker (Wagga, NSW : 1892 - 1913)",5 S,1911-12-07,Article,2158,N,0,http://nla.gov.au/nla.news-article145721650,http://trove.nla.gov.au/newspaper/page/16537163
238579439,Original Sin in the Nursery. A Laughable Skit ort Socialism. How Cloment Purefoy Tried to Purge individualism out of the Children . of tho commune.,1301,"Co-operator (Sydney, NSW : 1910 - 1917)",2,1911-12-28,Article,2140,N,0,http://nla.gov.au/nla.news-article238579439,http://trove.nla.gov.au/newspaper/page/25769175
70888263,MEN AND MATTERS,191,"Worker (Brisbane, Qld. : 1890 - 1955)",10,1914-02-12,Article,3489,N,6,http://nla.gov.au/nla.news-article70888263,http://trove.nla.gov.au/newspaper/page/6664775
59254291,RELIGIOUS NOTES.,89,"The Register (Adelaide, SA : 1901 - 1929)",4,1913-03-01,Article,3151,Y,0,http://nla.gov.au/nla.news-article59254291,http://trove.nla.gov.au/newspaper/page/4508106
101162384,NOTES ON CURRENT EVENTS.,436,Albury Banner and Wodonga Express (NSW : 1896 - 1938),26,1911-11-17,Article,5286,N,0,http://nla.gov.au/nla.news-article101162384,http://trove.nla.gov.au/newspaper/page/10896423
146329138,The Week,713,"Table Talk (Melbourne, Vic. : 1885 - 1939)",4,1914-10-15,Article,4166,N,0,http://nla.gov.au/nla.news-article146329138,http://trove.nla.gov.au/newspaper/page/17435986
198154229,THE WEEK.,319,"Leader (Melbourne, Vic. : 1862 - 1918)",33,1911-05-13,Article,3798,N,0,http://nla.gov.au/nla.news-article198154229,http://trove.nla.gov.au/newspaper/page/21514294
